query_id,category,flags,suggested_decision,decision,new_category,new_relevant_chunk_ids,notes,query
unanswerable-171a4548af,unanswerable,unanswerable_but_retrieved,recheck_category,reject,,,"corpus CO tra loi: bang CGE cua CCDR cho real GDP 2030 = 5,45%. Cau hoi gioi han o mot bao cao nen mo ho","Theo báo cáo 'Vibrant Vietnam' của Ngân hàng Thế giới, tăng trưởng GDP dự kiến của Việt Nam vào năm 2030 là bao nhiêu?"
unanswerable-200ea2a853,unanswerable,unanswerable_but_retrieved,recheck_category,accept,,,da tra corpus: khong co so dau tu cong cho kinh te bien xanh 2025,Dự kiến tổng vốn đầu tư công dành riêng cho kinh tế biển xanh của Việt Nam năm 2025 là bao nhiêu?
unanswerable-2c1fe5b79f,unanswerable,unanswerable_but_retrieved,recheck_category,accept,,,"cau hoi ve tuong lai 2045, corpus khong the tra loi - unanswerable dung",Mục tiêu trở thành quốc gia thu nhập cao vào năm 2045 của Việt Nam liệu đã đạt được hay chưa?
unanswerable-2c6b8cbaa0,unanswerable,unanswerable_but_retrieved,recheck_category,reject,,,"corpus CO tra loi: Diem lai 9-2025 ghi lam phat duoi chi tieu NHNN 4,5-5% cho 2025",What is the projected inflation rate for Vietnam in 2025?
unanswerable-3382102215,unanswerable,unanswerable_but_retrieved,recheck_category,accept,,,da tra corpus: khong thay tham hut ngan sach 2005,"Theo báo cáo của World Bank, thâm hụt ngân sách của Việt Nam năm 2005 là bao nhiêu phần trăm GDP?"
unanswerable-48ffa40b59,unanswerable,unanswerable_but_retrieved,recheck_category,accept,,,"da tra corpus: 2011-2015 chi xuat hien trong bieu do robot, khong co GDP growth","Theo báo cáo của World Bank, tốc độ tăng trưởng GDP thực tế của Việt Nam trong giai đoạn 2011-2015 là bao nhiêu phần trăm mỗi năm?"
unanswerable-599e160838,unanswerable,unanswerable_but_retrieved,recheck_category,accept,,,"corpus co R&D/GDP lich su (0,43% nam 2021) nhung KHONG co du bao 2025",Tỷ lệ chi tiêu cho nghiên cứu và phát triển (R&D) so với GDP của Việt Nam dự kiến đến năm 2025 theo báo cáo của World Bank là bao nhiêu?
unanswerable-5bce68cf9e,unanswerable,unanswerable_but_retrieved,recheck_category,accept,,,"corpus co ton that 12-14,5% GDP den 2050 nhung khong co chi phi thich ung DBSCL","What is the estimated cost of climate adaptation measures for the Mekong Delta by 2050, as mentioned in the Vietnam Country Climate and Development Report?"
unanswerable-5caebd75ef,unanswerable,unanswerable_but_retrieved,recheck_category,accept,,,"Thai Lan chi xuat hien o xuat khau va risk premium, khong co tham hut 2007","According to the World Bank report, what was Thailand's budget deficit as a share of GDP in 2007?"
unanswerable-5f34267754,unanswerable,unanswerable_but_retrieved,recheck_category,reject,,,"corpus CO tra loi: bang CGE cua CCDR, real GDP 2030 = 5,45%","Theo Ngân hàng Thế giới, tăng trưởng GDP của Việt Nam năm 2030 dự kiến là bao nhiêu phần trăm?"
unanswerable-8f2da936b9,unanswerable,unanswerable_but_retrieved,recheck_category,accept,,,"2010 chi la nhan truc bieu do, khong co so GDP growth 2010",What was Vietnam's GDP growth rate in 2010 according to the World Bank?
unanswerable-9bba186bb8,unanswerable,unanswerable_but_retrieved,recheck_category,accept,,,da tra corpus: khong co du bao 2015 cho Quy lao dong doi du,"According to the World Bank's report on Vietnam, how many workers supported by the Fund for redundant workers were projected for the year 2015?"
unanswerable-c54ecff93d,unanswerable,unanswerable_but_retrieved,recheck_category,reject,,,gan nhu tra loi duoc: bao cao ghi 1.584 thu tuc cap phep truoc khi hoat dong,Số lượng thủ tục tiền kiểm cụ thể nào được khuyến nghị bãi bỏ trong báo cáo World Bank về cải thiện quy định kinh doanh ở Việt Nam giai đoạn 2021–2025?
unanswerable-cbb4732beb,unanswerable,unanswerable_but_retrieved,recheck_category,accept,,,"bang CGE cho TOC DO tang GDP/nguoi, khong cho muc USD nam 2050","Theo dự báo của Ngân hàng Thế giới, GDP bình quân đầu người của Việt Nam sẽ đạt bao nhiêu USD vào năm 2050?"
unanswerable-d305814a59,unanswerable,unanswerable_but_retrieved,recheck_category,reject,,,trung y voi 5f34267754 va corpus CO tra loi,World Bank dự báo tăng trưởng GDP của Việt Nam năm 2030 sẽ đạt bao nhiêu phần trăm?
adversarial-125587d37e,adversarial,quote_unverified answerable_but_not_retrieved,recheck_quote,accept,,,"trich dan CO thuc: tron hai cot PDF chen ""chuyen"" vao giua ""bo sung""","Khi thiết lập hành lang bảo vệ bờ biển theo hướng dẫn kỹ thuật của World Bank tại Việt Nam, việc tham gia của các bên liên quan (cơ quan quy hoạch, nhà quản lý khu bảo tồn, người dân địa phương) là không bắt buộc, chỉ cần ý kiến chuyên gia là đủ. Điều này có đúng không?"
cross_lingual-085a7d27c4,cross_lingual,quote_unverified answerable_but_not_retrieved,recheck_quote,accept,,,"trich dan CO thuc: ""mid- November"" gach noi cuoi dong","Theo báo cáo của World Bank về tạo thuận lợi thương mại và năng lực cạnh tranh của Việt Nam, số tiền ngành hải quan thu hồi được từ kiểm toán trong năm 2012 (tính đến giữa tháng 11) là bao nhiêu?"
cross_lingual-1590edbf2c,cross_lingual,quote_unverified answerable_but_not_retrieved,recheck_quote,accept,,,trich dan khop nguyen van,"In the World Bank's Vietnam Macroeconomic Update, what do the abbreviations SA, NSA, LHS, FOB, and CIF stand for?"
cross_lingual-4f0d749f87,cross_lingual,quote_unverified answerable_but_not_retrieved,recheck_quote,accept,,,"trich dan CO thuc: tron hai cot PDF dao thu tu ""motorbikes""","Theo báo cáo của World Bank về giao thông vận tải Việt Nam, xe máy điện chiếm bao nhiêu phần trăm doanh số bán xe máy hàng năm?"
cross_lingual-81c189db2f,cross_lingual,quote_unverified answerable_but_not_retrieved,recheck_quote,reject,,,"cau hoi KHONG tu chua: ""According to the passage"" - luc eval khong co passage nao","According to the passage, what should be done in the long term with regard to the decentralization of economic management in Vietnam?"
cross_lingual-8d656b7b27,cross_lingual,quote_unverified answerable_but_not_retrieved,recheck_quote,accept,,,"trich dan khop, khac o cho xuong dong","Theo báo cáo 'Taking Stock' của World Bank về cải cách kinh tế Việt Nam, thuế suất thuế thu nhập doanh nghiệp đối với doanh nghiệp tư nhân trong nước và doanh nghiệp có vốn đầu tư nước ngoài (FIE) đã được điều chỉnh như thế nào?"
factoid-328b86c518,factoid,quote_unverified answerable_but_not_retrieved,recheck_quote,accept,,,"da tra corpus: trich dan CO thuc, so chu thich ""24"" chen giua cau lam kiem tra truot","According to the World Bank report on Vietnam's economic developments, what percentage of the budget did revenue collection reach in the first nine months of 2013?"
multi_hop-6ea86d593d,multi_hop,quote_unverified answerable_but_not_retrieved,recheck_quote,accept,,,"da tra corpus: NAAQS 25 ug/m3 va WHO 10 ug/m3 co that, ca EN va VI","In the Vietnam Country Climate and Development Report, the CGE model assumes that a 1 percent decrease in air pollution raises labor productivity by 0.3 percent. What GDP impacts are projected for 2030 and 2040 in the NZP scenario, and which air quality guidelines does Hanoi's annual mean PM2.5 concentration exceed?"
table_lookup-6ec8a74f61,table_lookup,quote_unverified answerable_but_not_retrieved,recheck_quote,accept,,,"trich dan CO thuc, chu giai ban do Hinh E2 - table_lookup that","Trong tài liệu hướng dẫn kỹ thuật về thiết lập hành lang bảo vệ bờ biển Việt Nam, chú giải bản đồ Hình E2 quy định màu đỏ biểu thị hiện tượng gì?"
table_lookup-e5d00e4b6d,table_lookup,quote_unverified answerable_but_not_retrieved,recheck_quote,accept,,,"da tra corpus: 92% financial INSTITUTIONS' assets nam 2011 - model dien giai thanh ""system"" nen kiem tra truot","Trong năm 2011, tỷ lệ tài sản của hệ thống tài chính Việt Nam do khu vực ngân hàng nắm giữ là bao nhiêu phần trăm?"
adversarial-c215acb245,adversarial,quote_unverified,recheck_quote,accept,,,"trich dan CO thuc, tien de sai duoc dap an sua dung","Theo báo cáo của World Bank về chi tiêu công ở Việt Nam, nhóm nghèo nhất được hưởng tới 44% chi tiêu công cho giáo dục đại học và sau đại học, có phải không?"
aggregation-dc13054762,aggregation,quote_unverified,recheck_quote,accept,,,ca hai span deu co that va do dap an,"Which eight donors contributed financial and human resources to the PPAs, and which local NGOs and research institutes carried out the field research in 43 communes?"
cross_lingual-2dc177a0e0,cross_lingual,quote_unverified,recheck_quote,accept,,,trich dan CO thuc: tron hai cot PDF,"Theo báo cáo của Ngân hàng Thế giới về ngành giao thông vận tải Việt Nam, số xe buýt chạy bằng khí nén thiên nhiên (CNG) ở Thành phố Hồ Chí Minh và Hà Nội là bao nhiêu?"
factoid-077a02b84e,factoid,quote_unverified,recheck_quote,accept,,,"trich dan vat qua bien chunk; so 5,0% thang 7 co that","Theo báo cáo Cập nhật Kinh tế Vĩ mô của World Bank, tăng trưởng doanh số bán lẻ của Việt Nam trong tháng 7 năm 2023 (so với cùng kỳ, điều chỉnh mùa vụ) là bao nhiêu phần trăm?"
factoid-caa304ba55,factoid,quote_unverified,recheck_quote,accept,,,trich dan co that; chunk bi loi dau tieng Viet (loi trich xuat PDF),"Theo báo cáo Cập nhật Kinh tế Vĩ mô của World Bank, dòng vốn FDI vào Việt Nam cần được chuyển hóa thành các cải thiện trong lĩnh vực nào?"
factoid-eaecb6575a,factoid,quote_unverified,recheck_quote,reject,,,"trung nguon voi factoid-caa304ba55 - cung MOT cau trong tai lieu, dedupe jaccard khong bat vi cach hoi khac","Theo báo cáo Cập nhật Kinh tế Vĩ mô Việt Nam, bên cạnh thu hút vốn đầu tư, Việt Nam cần tăng cường hoạt động gì để chuyển hóa dòng vốn FDI?"
adversarial-58c67d7135,adversarial,,accept,accept,,,doc + kiem grounding/tu-chua/nhom: dat,Tại sao World Bank lại sử dụng ảnh vệ tinh giai đoạn 2010–2015 để quan sát sự thay đổi tỷ lệ che phủ rừng ngập mặn tại các tỉnh ven biển Việt Nam?
adversarial-5cfc963166,adversarial,,accept,accept,,,doc + kiem grounding/tu-chua/nhom: dat,"Theo báo cáo của World Bank, DATC được thành lập vào năm 2010 và đã góp phần đáng kể trong việc giảm nợ xấu của hệ thống ngân hàng Việt Nam. Điều này có đúng không?"
adversarial-7478fdd65e,adversarial,,accept,accept,,,doc + kiem grounding/tu-chua/nhom: dat,"Theo chương trình thí điểm sử dụng cảm biến số để nâng cao hiệu quả sử dụng nước trong sản xuất lúa được nêu trong báo cáo của World Bank, nông dân tiết kiệm được tới 47% lượng nước so với phương pháp AWD được quản lý thủ công, đúng hay sai?"
adversarial-8a6712953d,adversarial,,accept,accept,,,doc + kiem grounding/tu-chua/nhom: dat,"Theo báo cáo của World Bank về Việt Nam, Chính phủ đã đề xuất tăng thuế bảo vệ môi trường đối với xăng dầu vào năm 2025. Đề xuất thực tế là gì?"
adversarial-db33384638,adversarial,,accept,accept,,,doc + kiem grounding/tu-chua/nhom: dat,"Theo hướng dẫn kỹ thuật của World Bank về hành lang bảo vệ bờ biển Việt Nam, phương pháp tiếp cận dựa trên quy tắc không gian luôn tạo ra các vùng đệm không bao giờ lấn vào vùng lõi. Nhận định này có chính xác không?"
adversarial-ea9f7ca7ba,adversarial,,accept,accept,,,doc + kiem grounding/tu-chua/nhom: dat,"Trong Báo cáo Quốc gia về Khí hậu và Phát triển của World Bank cho Việt Nam, có phải các dịch vụ điều tiết khí hậu (bao gồm cô lập carbon) của rừng nhiệt đới nguyên sinh được ước tính trung bình đạt 2.077 USD/ha mỗi năm hay không?"
adversarial-f05b651dc3,adversarial,,accept,accept,,,doc + kiem grounding/tu-chua/nhom: dat,"Theo báo cáo “Điểm lại: Cập nhật tình hình phát triển kinh tế Việt Nam” của World Bank, tổng chi tiêu công cho y tế ở Việt Nam mang tính lũy tiến vì người giàu sử dụng dịch vụ bệnh viện nhiều hơn, đúng không?"
adversarial-f2e342287d,adversarial,,accept,accept,,,doc + kiem grounding/tu-chua/nhom: dat,"Theo Cập nhật Tình hình Kinh tế Việt Nam tháng 9/2025 của Ngân hàng Thế giới, tổng mức giảm thuế, phí và lệ phí trong Q1-2025 được Bộ Tài chính ước tính là 22,2 tỷ VND (0,8% GDP). Con số thực tế trong báo cáo là bao nhiêu?"
aggregation-173c1edaf8,aggregation,,accept,accept,,,doc + kiem grounding/tu-chua/nhom: dat,"Theo báo cáo 'Điểm lại' của Ngân hàng Thế giới về kinh tế Việt Nam, đâu là những nguyên nhân làm năng suất lao động của Việt Nam tăng chậm lại và giải pháp nào được khuyến nghị để duy trì tăng trưởng và tạo việc làm?"
aggregation-346cfcade9,aggregation,,accept,accept,,,hoi y nghia ky hieu trong CONG THUC tinh gia tri he sinh thai - cau hoi noi dung that,"Trong công thức tính giá trị ròng của hệ sinh thái ven biển trong tài liệu của World Bank, các ký hiệu P, Q, C, ρ lần lượt có ý nghĩa gì, và hệ số ρ đóng vai trò như thế nào trong việc tính toán giá trị dịch vụ thủy sản?"
aggregation-3895b9f4ae,aggregation,,accept,accept,,,doc + kiem grounding/tu-chua/nhom: dat,"According to the World Bank's 'Taking Stock' report, how did the new regulatory framework for microfinance institutions in Vietnam differ from the regulations for joint stock banks in terms of supervision and foreign ownership limits?"
aggregation-4cf4505887,aggregation,,accept,accept,,,doc + kiem grounding/tu-chua/nhom: dat,"Theo báo cáo của World Bank về ngành xe tải Việt Nam, tỷ lệ xe tải đã qua sử dụng và tỷ lệ chuyến về rỗng (empty backhaul) của các nhà khai thác xe tải (truck operators) so với các nhà cung cấp dịch vụ logistics (LSPs) khác nhau như thế nào?"
aggregation-4f02b39e36,aggregation,,accept,accept,,,doc + kiem grounding/tu-chua/nhom: dat,"According to the Vietnam CCDR, what specific measures are recommended to accelerate the clean energy transition and to mitigate the social impacts of carbon pricing?"
aggregation-6d65bb4176,aggregation,,accept,accept,,,doc + kiem grounding/tu-chua/nhom: dat,"Theo báo cáo 'Điểm lại: Cập nhật tình hình phát triển kinh tế Việt Nam' của Ngân hàng Thế giới, tăng trưởng GDP của Việt Nam trong các năm qua được đóng góp bởi những yếu tố nào, tỷ trọng đóng góp của từng yếu tố là bao nhiêu và các yếu tố này được dự báo sẽ thay đổi ra sao trong thời gian tới?"
aggregation-c332ac1180,aggregation,,accept,accept,,,doc + kiem grounding/tu-chua/nhom: dat,"Theo báo cáo 'Trade facilitation, value creation, and competitiveness' của World Bank, so với ba thị trường Mỹ, EU và Trung Quốc, Việt Nam có điểm khác biệt gì khi xuất khẩu sang Nhật Bản năm 2010? Kể tên các sản phẩm Việt Nam có thể đáp ứng nhu cầu tăng của Nhật Bản và giải thích nguyên nhân."
aggregation-e61ecece74,aggregation,,accept,accept,,,doc + kiem grounding/tu-chua/nhom: dat,"Theo báo cáo 'Trade facilitation, value creation, and competitiveness' của World Bank, năm 2010, tại ba thị trường Mỹ, EU và Trung Quốc, Việt Nam có lần lượt bao nhiêu sản phẩm (trong 20 sản phẩm chế tạo động nhất của từng thị trường) có kim ngạch xuất khẩu dưới 10 triệu USD?"
aggregation-ed7539bd6b,aggregation,,accept,accept,,,doc + kiem grounding/tu-chua/nhom: dat,"What were the key characteristics and investors of the 2006-2007 corporate bond issues by Vinashin and EVN, and what was the government's preferred method for funding major infrastructure projects as of the April 2007 economic update?"
aggregation-f4938b028c,aggregation,,accept,accept,,,doc + kiem grounding/tu-chua/nhom: dat,"According to the World Bank's Vietnam Science, Technology, and Innovation Report, what strategic re-orientation of STI policy is recommended, and why is establishing a dedicated innovation agency considered potentially not optimal in Vietnam's context?"
aggregation-fde943e2a2,aggregation,,accept,accept,,,doc + kiem grounding/tu-chua/nhom: dat,"Under Decree 61, what periodic reports must SOEs submit and what categories of information must SOEs with state capital publicly disclose?"
cross_lingual-f0d836faef,cross_lingual,,accept,accept,,,doc + kiem grounding/tu-chua/nhom: dat,"Theo báo cáo CCDR của Ngân hàng Thế giới về Việt Nam, Dự thảo Quy hoạch Điện VIII (PDP8) nhấn mạnh điều gì về năng lượng tái tạo?"
factoid-0a4f005d40,factoid,,accept,accept,,,doc + kiem grounding/tu-chua/nhom: dat,"Theo báo cáo của World Bank, viễn cảnh tăng trưởng ở các khu vực nào đã giảm đà từ tháng sáu năm 2016?"
factoid-1aff0b6e2c,factoid,,accept,accept,,,doc + kiem grounding/tu-chua/nhom: dat,Nortek là nhà sản xuất thiết bị đo đạc hàng hải bằng phương pháp gì?
factoid-294a6f4be7,factoid,,accept,accept,,,doc + kiem grounding/tu-chua/nhom: dat,"Theo báo cáo cập nhật kinh tế vĩ mô Việt Nam tháng 10/2023, doanh số bán hàng hóa tháng 10 giảm bao nhiêu phần trăm so với tháng trước (điều chỉnh mùa vụ)?"
factoid-3431c7eac8,factoid,,accept,accept,,,doc + kiem grounding/tu-chua/nhom: dat,What was the annual revenue of Vietnam's Payments for Forest Ecosystem Services (PFES) program from 2011 to 2017?
factoid-38cc46d0ad,factoid,,accept,accept,,,doc + kiem grounding/tu-chua/nhom: dat,"Trong báo cáo cập nhật kinh tế vĩ mô của World Bank về Việt Nam, mức tăng trưởng doanh số bán lẻ tháng 9 năm 2023 (so với tháng trước, điều chỉnh mùa vụ) là bao nhiêu?"
factoid-3bcdc6cd38,factoid,,accept,accept,,,doc + kiem grounding/tu-chua/nhom: dat,"According to the World Bank report, what percentage of Mexico's emissions is covered by its carbon tax?"
factoid-4e74c49f6c,factoid,,accept,accept,,,doc + kiem grounding/tu-chua/nhom: dat,"Trong báo cáo của World Bank về phát triển kinh tế biển Việt Nam, theo khảo sát, 28 tỉnh ven biển đã thành lập bao nhiêu khu kinh tế ven biển?"
factoid-5ae9128a5f,factoid,,accept,accept,,,doc + kiem grounding/tu-chua/nhom: dat,Hiệp định thương mại song phương Việt Nam - Hoa Kỳ (BTA) được triển khai từ năm nào?
factoid-6227db3612,factoid,,accept,accept,,,doc + kiem grounding/tu-chua/nhom: dat,"Theo báo cáo của World Bank, sản lượng thương mại toàn cầu đã thay đổi như thế nào trong quý một và quý hai năm 2016?"
factoid-69f6fec136,factoid,,accept,accept,,,doc + kiem grounding/tu-chua/nhom: dat,"What was the actual total payment for Vietnam's Payments for Forest Ecosystem Services (PFES) in 2018, according to the World Bank report?"
factoid-6d39b1346b,factoid,,accept,accept,,,doc + kiem grounding/tu-chua/nhom: dat,"Theo báo cáo 'Điểm lại: Cập nhật tình hình phát triển kinh tế Việt Nam' của World Bank, mục tiêu tăng trưởng tín dụng của Ngân hàng Nhà nước năm 2016 là bao nhiêu?"
factoid-9cbd77c4dc,factoid,,accept,accept,,,doc + kiem grounding/tu-chua/nhom: dat,"According to the World Bank report on Vietnam's economic developments, what two objectives does the SEDP 2006-2010 combine?"
factoid-a6776546dc,factoid,,accept,accept,,,doc + kiem grounding/tu-chua/nhom: dat,"According to the World Bank report on trade facilitation in Vietnam, what is the total cost per ton for waterway transport from the Mekong Delta to Ho Chi Minh City ports?"
factoid-a76644bdf8,factoid,,accept,accept,,,doc + kiem grounding/tu-chua/nhom: dat,"Theo Báo cáo Quốc gia về Khí hậu và Phát triển của Việt Nam, những yếu tố nào chủ yếu làm tăng độ che phủ rừng?"
factoid-bc5e1a6d5a,factoid,,accept,accept,,,doc + kiem grounding/tu-chua/nhom: dat,"Theo hướng dẫn kỹ thuật thiết lập hành lang bảo vệ bờ biển ở Việt Nam, nguyên nhân nào được nêu ra cho sự khác biệt đáng kể giữa các đặc trưng sóng được đo lường và mô phỏng?"
factoid-c1d3b4e6fa,factoid,,accept,accept,,,doc + kiem grounding/tu-chua/nhom: dat,Tổng kim ngạch nhập khẩu hàng hóa của Hoa Kỳ từ Việt Nam trong năm 2024 là bao nhiêu tỷ đô la Mỹ?
factoid-c361601dfc,factoid,,accept,accept,,,doc + kiem grounding/tu-chua/nhom: dat,"Theo báo cáo của World Bank về thị trường vốn Việt Nam, các quỹ hưu trí tự nguyện thiếu động lực khi thiếu những ưu đãi cho khoản tiết kiệm dài hạn, ví dụ như ưu đãi về gì?"
factoid-c493f7c3b1,factoid,,accept,accept,,,doc + kiem grounding/tu-chua/nhom: dat,"Theo World Bank, trong số 28 tỉnh ven biển của Việt Nam, có bao nhiêu tỉnh có thể tự cân đối được ngân sách và có bổ sung cho Ngân sách Trung ương?"
factoid-cd0ac51f3f,factoid,,accept,accept,,,doc + kiem grounding/tu-chua/nhom: dat,"Under favorable conditions, what is the total transport time per shipment for waterway transport from the Mekong Delta to Ho Chi Minh City according to the World Bank report?"
factoid-cf910dce16,factoid,,accept,accept,,,doc + kiem grounding/tu-chua/nhom: dat,When was the Legal System Development Strategy (LSDS) approved by the Politburo according to the World Bank report?
factoid-d43a55b5e8,factoid,,accept,accept,,,doc + kiem grounding/tu-chua/nhom: dat,"Theo báo cáo của World Bank, có bao nhiêu triệu người dân Việt Nam thuộc nhóm đối tượng dễ bị tổn thương nhất trên thế giới trước biến đổi khí hậu?"
factoid-e9df6df5ab,factoid,,accept,accept,,,doc + kiem grounding/tu-chua/nhom: dat,"Theo phân loại của World Bank về 28 tỉnh ven biển Việt Nam, có bao nhiêu tỉnh phải nhận bổ sung từ Ngân sách Trung ương?"
factoid-f040b24c8b,factoid,,accept,accept,,,doc + kiem grounding/tu-chua/nhom: dat,"Theo báo cáo của World Bank về kinh tế vĩ mô Việt Nam tháng 10/2023, tốc độ tăng trưởng doanh số bán lẻ trước đại dịch là bao nhiêu (so với cùng kỳ, SA)?"
factoid-f2a6ae8ad4,factoid,,accept,accept,,,doc + kiem grounding/tu-chua/nhom: dat,"Theo báo cáo 'Điểm lại' của World Bank về kinh tế Việt Nam, mục tiêu lạm phát của Chính phủ cho năm 2016 là bao nhiêu?"
multi_hop-0034f52985,multi_hop,,accept,accept,,,doc + kiem grounding/tu-chua/nhom: dat,"Tổng vốn hoá thị trường cổ phiếu Việt Nam tính đến ngày 31/12/2022 (gồm cả UPCOM) tương đương bao nhiêu phần trăm GDP, và tỷ trọng vốn hoá của Sở GDCK TP. Hồ Chí Minh (HOSE) trong tổng vốn hoá của hai sàn HOSE và HNX là bao nhiêu?"
multi_hop-08cf3a11bf,multi_hop,,accept,accept,,,doc + kiem grounding/tu-chua/nhom: dat,"Báo cáo nêu rằng Nghị quyết 68 đã đạt kết quả nhưng cách tiếp cận có thể cải thiện. Những rào cản cụ thể nào đối với tăng trưởng doanh nghiệp mà báo cáo cho là cần cải cách, và đặc điểm chính của cách tiếp cận hiện tại của Nghị quyết 68 là gì?"
multi_hop-15b9bd49ca,multi_hop,,accept,accept,,,doc + kiem grounding/tu-chua/nhom: dat,"How many households had their land recovered for industrial zones in Vietnam by the end of 2004, and which provinces had the largest numbers of denunciation letters according to MONRE's review?"
multi_hop-19b3794e55,multi_hop,,accept,accept,,,doc + kiem grounding/tu-chua/nhom: dat,"According to the State Bank of Vietnam's regulations that were being issued in 2003–2004 for joint-stock banks wishing to list on the stock exchange, what were the minimum charter capital, operating history, profitability, and non-performing loan requirements, and which two banks were expected to list first?"
multi_hop-1ac4739c73,multi_hop,,accept,accept,,,doc + kiem grounding/tu-chua/nhom: dat,"After Vietnam's Decree 144 in November 2003 halved the minimum capitalization required for smaller firms to list, how many times larger was the VND-denominated capital ceiling of the first securities investment fund (VF1) licensed in March 2004?"
multi_hop-202aa35e17,multi_hop,,accept,accept,,,doc + kiem grounding/tu-chua/nhom: dat,"Theo báo cáo của World Bank, ngoài những kết quả của Nghị quyết 68, những rào cản nào đối với đầu tư, đổi mới và tăng trưởng doanh nghiệp vẫn cần được xóa bỏ, và Việt Nam cần chuyển đổi kinh tế như thế nào để đạt được mục tiêu thu nhập cao vào năm 2045?"
multi_hop-3156a18b4e,multi_hop,,accept,accept,,,doc + kiem grounding/tu-chua/nhom: dat,"Dựa trên báo cáo, doanh nghiệp nước ngoài đóng góp bao nhiêu phần trăm tổng kim ngạch xuất khẩu, và chỉ số chiều sâu của FTA được đo theo thang điểm nào?"
multi_hop-647a307b4b,multi_hop,,accept,accept,,,doc + kiem grounding/tu-chua/nhom: dat,"Theo báo cáo, tỷ lệ doanh nghiệp có kết nối với chuỗi giá trị toàn cầu năm 2023 là bao nhiêu, và các tác giả sử dụng phương pháp luận nào để đo chiều sâu của hiệp định thương mại tự do?"
multi_hop-bd4497ed2d,multi_hop,,accept,accept,,,doc + kiem grounding/tu-chua/nhom: dat,"Theo báo cáo Cập nhật Kinh tế Vĩ mô Việt Nam của World Bank, xuất khẩu hàng tháng và doanh số bán lẻ trong tháng 11/2023 có diễn biến ra sao, và tăng trưởng doanh số bán lẻ trung bình từ tháng 8 đến tháng 11/2023 là bao nhiêu?"
multi_hop-c177e00bcf,multi_hop,,accept,accept,,,doc + kiem grounding/tu-chua/nhom: dat,"According to the report, what did the first phase of the Public Administration Reform Master Program (PARMP) establish, and to what level was the One-Stop Shop (OSS) model extended in 2005?"
multi_hop-cbc20df44f,multi_hop,,accept,accept,,,doc + kiem grounding/tu-chua/nhom: dat,"Vào cuối năm 2021, vốn hoá thị trường cổ phiếu Việt Nam đạt mức kỷ lục bao nhiêu phần trăm GDP, và nhờ sự tăng trưởng đó Việt Nam chiếm khoảng bao nhiêu phần trăm vốn hoá trên chỉ số MSCI Frontier Markets Index?"
multi_hop-d7a165c5c9,multi_hop,,accept,accept,,,doc + kiem grounding/tu-chua/nhom: dat,"Việt Nam đặt mục tiêu trở thành nước thu nhập cao vào năm 2045 và cam kết phát thải ròng bằng 0 vào năm 2050 tại COP26; theo CCDR, mục tiêu dài hạn này có thể bị hạn chế bởi yếu tố nào và cần theo đuổi những hướng đi nào?"
multi_hop-e4ee4db992,multi_hop,,accept,accept,,,doc + kiem grounding/tu-chua/nhom: dat,"Theo Báo cáo Điểm lại của World Bank, Vương quốc Anh chiếm bao nhiêu phần trăm trong tổng xuất khẩu hàng hóa của Việt Nam và bao nhiêu phần trăm trong tổng lượng khách du lịch nước ngoài đến Việt Nam?"
unanswerable-03d5ec39ea,unanswerable,,accept,accept,,,doc + kiem grounding/tu-chua/nhom: dat,"Theo báo cáo của Ngân hàng Thế giới về Việt Nam, tổng chi phí cho gói trợ cấp thôi việc của lao động dôi dư ở Thái Lan trong giai đoạn 2000-2005 là bao nhiêu?"
unanswerable-09bfa65f40,unanswerable,,accept,accept,,,doc + kiem grounding/tu-chua/nhom: dat,What was the exact percentage of South Korea's high-tech exports in its total manufactured exports in 2019 according to the World Bank report on Vietnam's STI?
unanswerable-0c20bc99f6,unanswerable,,accept,accept,,,doc + kiem grounding/tu-chua/nhom: dat,"According to the JETRO survey cited in the World Bank report 'Vibrant Vietnam', what share of inputs do Japanese firms in the Philippines source from local suppliers?"
unanswerable-159baa9c19,unanswerable,,accept,reject,,,"cau hoi KHONG tu chua: ""theo bao cao NAY"" - luc eval khong co bao cao nao duoc chi dinh",Mức thuế quan áp dụng cho nước tưới tiêu ở Thái Lan theo báo cáo này là bao nhiêu?
unanswerable-1e3d62ed2e,unanswerable,,accept,accept,,,doc + kiem grounding/tu-chua/nhom: dat,"Theo đánh giá của World Bank trong báo cáo khoa học, công nghệ và đổi mới, chính sách thu hút đầu tư nước ngoài trong lĩnh vực bán dẫn của Ấn Độ được mô tả như thế nào?"
unanswerable-39938ae0f3,unanswerable,,accept,accept,,,doc + kiem grounding/tu-chua/nhom: dat,"Theo báo cáo World Bank, mức giảm phần trăm chi phí tuân thủ quy định dự kiến cho các doanh nghiệp nhỏ và vừa ở Việt Nam vào năm 2030 là bao nhiêu?"
unanswerable-4164215da4,unanswerable,,accept,accept,,,doc + kiem grounding/tu-chua/nhom: dat,"Theo World Bank, tỷ lệ hộ nghèo đa chiều của Việt Nam năm 2030 được dự báo là bao nhiêu phần trăm?"
unanswerable-43f487fc36,unanswerable,,accept,accept,,,doc + kiem grounding/tu-chua/nhom: dat,"Theo báo cáo của Ngân hàng Thế giới, dự báo tổng chi tiêu của Chính phủ Việt Nam cho giáo dục đại học năm 2040 là bao nhiêu phần trăm GDP?"
unanswerable-4998408fb1,unanswerable,,accept,accept,,,doc + kiem grounding/tu-chua/nhom: dat,Tỷ lệ nợ xấu của các ngân hàng Việt Nam năm 2012 theo báo cáo World Bank là bao nhiêu?
unanswerable-4a1a212aec,unanswerable,,accept,accept,,,doc + kiem grounding/tu-chua/nhom: dat,"Theo báo cáo của World Bank, chi tiêu của Chính phủ cho giáo dục đại học của Lào năm 2023 so với GDP là bao nhiêu?"
unanswerable-4c8b3b5d9d,unanswerable,,accept,accept,,,doc + kiem grounding/tu-chua/nhom: dat,What is the capital adequacy ratio (CAR) of banks in Thailand according to the World Bank's report on Vietnam's economic developments?
unanswerable-599b31f973,unanswerable,,accept,accept,,,doc + kiem grounding/tu-chua/nhom: dat,"Theo báo cáo, GRDP của kinh tế biển Trung Quốc năm 2022 đạt giá trị bao nhiêu?"
unanswerable-5ef2f1e93b,unanswerable,,accept,accept,,,doc + kiem grounding/tu-chua/nhom: dat,"Trong báo cáo của World Bank về khoa học, công nghệ và đổi mới sáng tạo của Việt Nam, năng suất lao động năm 2023 đã tăng bao nhiêu phần trăm so với năm 2022?"
unanswerable-6183246ffd,unanswerable,,accept,accept,,,doc + kiem grounding/tu-chua/nhom: dat,"Theo báo cáo của World Bank, tỷ lệ chi tiêu công cho giáo dục trong tổng chi ngân sách của Việt Nam năm 2015 là bao nhiêu?"
unanswerable-71910a86e1,unanswerable,,accept,accept,,,doc + kiem grounding/tu-chua/nhom: dat,"Theo báo cáo của World Bank, tỷ lệ thất nghiệp của Việt Nam năm 2008 là bao nhiêu phần trăm?"
unanswerable-925d782fc6,unanswerable,,accept,accept,,,doc + kiem grounding/tu-chua/nhom: dat,"According to the World Bank's Vietnam Macro Update, what was the inflation rate in Malaysia in August 2025?"
unanswerable-a16b8d0dcc,unanswerable,,accept,accept,,,doc + kiem grounding/tu-chua/nhom: dat,"Theo Ngân hàng Thế giới, doanh thu từ việc đấu giá đất tại Hà Nội trong năm 2024 đạt bao nhiêu triệu USD?"
unanswerable-a2b5e56a77,unanswerable,,accept,accept,,,doc + kiem grounding/tu-chua/nhom: dat,"Theo báo cáo của Ngân hàng Thế giới, quy trình thanh tra chống tham nhũng ở Singapore khác với Việt Nam như thế nào?"
unanswerable-be9179e9de,unanswerable,,accept,accept,,,doc + kiem grounding/tu-chua/nhom: dat,Tỷ lệ nợ xấu (NPL) của hệ thống ngân hàng Việt Nam năm 2020 theo báo cáo của World Bank là bao nhiêu?
unanswerable-e70afbf67c,unanswerable,,accept,accept,,,doc + kiem grounding/tu-chua/nhom: dat,"Năm 2015, các thanh tra viên của Bộ Xây dựng Việt Nam đã phát hiện bao nhiêu vụ tham nhũng trong lĩnh vực xây dựng?"
unanswerable-e7b918c581,unanswerable,,accept,reject,,,corpus CO bao cao Cap nhat Tinh trang Ngheo voi do thi ngheo da chieu TCTK toi 2022 - qua gan tra loi duoc,"Theo báo cáo của World Bank về Việt Nam, tỷ lệ nghèo đa chiều của Việt Nam năm 2022 là bao nhiêu?"
unanswerable-f97b675ebe,unanswerable,,accept,accept,,,doc + kiem grounding/tu-chua/nhom: dat,What was the credit growth target for Vietnam's banking system in 2011 according to the World Bank report?
unanswerable-fa4b84f96a,unanswerable,,accept,accept,,,doc + kiem grounding/tu-chua/nhom: dat,"Trong báo cáo cập nhật về kinh tế Việt Nam của World Bank, dự báo tăng trưởng GDP của Lào là bao nhiêu?"
unanswerable-fad0c9715f,unanswerable,,accept,accept,,,doc + kiem grounding/tu-chua/nhom: dat,"Theo báo cáo của World Bank về kinh tế Việt Nam, tỷ lệ đầu tư của Thái Lan năm 2003 so với GDP là bao nhiêu?"
unanswerable-fd34fb04d9,unanswerable,,accept,accept,,,doc + kiem grounding/tu-chua/nhom: dat,"How many hectares of idle state-owned enterprise land did Ho Chi Minh City recover in 2023, according to the World Bank?"
multi_hop-492b528f0d,multi_hop,trivially_easy,accept,accept,,,doc + kiem grounding/tu-chua/nhom: dat,"Theo Báo cáo Điểm lại của World Bank, EU chiếm bao nhiêu phần trăm trong tổng xuất khẩu hàng hóa của Việt Nam và bao nhiêu phần trăm trong tổng vốn FDI còn hiệu lực tại Việt Nam?"
multi_hop-6ba8b46dfb,multi_hop,trivially_easy,accept,accept,,,doc + kiem grounding/tu-chua/nhom: dat,"According to the World Bank's Vietnam Financial Sector Assessment, why is the fact that the Credit Information Centre (CIC) no longer provides periodic reports of supervisory value especially concerning given the FSAP's assessment of Vietnam's financial supervision function?"
adversarial-159ffe3432,adversarial,answerable_but_not_retrieved,accept,accept,,,doc + kiem grounding/tu-chua/nhom: dat,"Theo báo cáo của World Bank về kinh tế Việt Nam, vì sao Ngân hàng Nhà nước Việt Nam lại giảm tỷ lệ dự trữ bắt buộc đối với các ngân hàng từ 10% xuống 4% vào tháng 6/2007?"
adversarial-21371a2fef,adversarial,answerable_but_not_retrieved,accept,accept,,,doc + kiem grounding/tu-chua/nhom: dat,"Theo báo cáo của World Bank về kinh tế Việt Nam, tại sao đồng Việt Nam lại mất giá so với đô la Mỹ vào tháng 4/2007, lần đầu tiên kể từ tháng 7/2004?"
adversarial-4672714c5a,adversarial,answerable_but_not_retrieved,accept,accept,,,doc + kiem grounding/tu-chua/nhom: dat,"Theo báo cáo CCDR của Ngân hàng Thế giới, Việt Nam được khuyến nghị không nên thành lập quỹ khí hậu vì điều này cản trở quản lý đầu tư. Nhận định này đúng hay sai?"
adversarial-4ac303f00b,adversarial,answerable_but_not_retrieved,accept,accept,,,doc + kiem grounding/tu-chua/nhom: dat,"Hội đồng Quốc gia về Phát triển bền vững và Nâng cao năng lực cạnh tranh được thành lập theo Quyết định 641/QĐ-TTg năm 2012 gồm ba ủy ban chuyên môn, phải không?"
adversarial-5042beb45a,adversarial,answerable_but_not_retrieved,accept,accept,,,doc + kiem grounding/tu-chua/nhom: dat,"According to the World Bank's 'Taking Stock' report, FDI inflows into Vietnam rose to USD 10 billion in 2009 from USD 7.4 billion in 2008. Is this accurate?"
adversarial-57e82a593c,adversarial,answerable_but_not_retrieved,accept,accept,,,doc + kiem grounding/tu-chua/nhom: dat,Why did taxi drivers at Ho Chi Minh City airport charge higher fares according to the Vietnam Development Report 2010? Was it because of rising fuel costs?
adversarial-5f6e06acac,adversarial,answerable_but_not_retrieved,accept,accept,,,doc + kiem grounding/tu-chua/nhom: dat,Báo cáo của World Bank về chiến lược du lịch Việt Nam cho rằng chỉ cần nguồn tài chính công là đủ để bảo tồn tài sản tự nhiên và văn hóa. Báo cáo thực sự đề xuất những cơ chế tài chính nào khác?
adversarial-674f05cc4b,adversarial,answerable_but_not_retrieved,accept,accept,,,doc + kiem grounding/tu-chua/nhom: dat,"Theo báo cáo 'Taking Stock' của Ngân hàng Thế giới, tỷ lệ thất nghiệp của Việt Nam năm 2013 lên tới 20 phần trăm, phải không?"
adversarial-6a572269a0,adversarial,answerable_but_not_retrieved,accept,accept,,,doc + kiem grounding/tu-chua/nhom: dat,The Vietnam Development Report 2004 by the World Bank argues that poor structural policies have no impact on economic growth or job creation. How does this argument affect the report's policy recommendations?
adversarial-716771ded9,adversarial,answerable_but_not_retrieved,accept,accept,,,doc + kiem grounding/tu-chua/nhom: dat,"Theo Ngân hàng Thế giới, vào năm 2013, phần lớn lao động phi chính thức ở Việt Nam là nam giới, đúng không?"
adversarial-767e11dd5c,adversarial,answerable_but_not_retrieved,accept,reject,,,"trung y voi adversarial-e1fbd88dfc: cung cau ve cai cach thue 2003, cung mot cau goc","Did Vietnam's 2003 corporate tax reform set a higher tax rate for foreign-invested enterprises than for domestic private enterprises, as reported by the World Bank?"
adversarial-7a71f7283d,adversarial,answerable_but_not_retrieved,accept,accept,,,doc + kiem grounding/tu-chua/nhom: dat,The World Bank's 'Taking Stock' report claims that Vietnam's remittances fell sharply during the global crisis to only USD 1.5 billion in 2009. What does the report actually say?
adversarial-7db4a79c1c,adversarial,answerable_but_not_retrieved,accept,accept,,,doc + kiem grounding/tu-chua/nhom: dat,"Theo báo cáo CCDR của Ngân hàng Thế giới về Việt Nam, nguồn thu từ thuế carbon hàng năm có thể đạt khoảng 2,4% GDP. Điều này có chính xác không?"
adversarial-87b49c12d2,adversarial,answerable_but_not_retrieved,accept,accept,,,doc + kiem grounding/tu-chua/nhom: dat,"Theo khuyến nghị của World Bank trong báo cáo khí hậu Việt Nam, việc bảo vệ các đối tượng dễ bị tổn thương chỉ cần dựa vào thông tin thu thập từ trước, không cần người dân tham gia thảo luận công khai, đúng không?"
adversarial-8ce6a8483a,adversarial,answerable_but_not_retrieved,accept,accept,,,doc + kiem grounding/tu-chua/nhom: dat,"Trong tài liệu Hỗ trợ nền kinh tế ven biển tăng khả năng chống chịu ở Việt Nam, kết quả độ che phủ rừng ngập mặn sau khi đánh giá được World Bank yêu cầu tổng hợp trung bình ở cấp quốc gia để phân tích các mô hình không gian, đúng hay sai?"
adversarial-8e6294af71,adversarial,answerable_but_not_retrieved,accept,accept,,,doc + kiem grounding/tu-chua/nhom: dat,"Is it true that according to the Vietnam Development Report 2010, the guard companies at Ho Chi Minh City airport immediately fired the corrupt guards after Thanh Nien's report?"
adversarial-a44bd0cdc3,adversarial,answerable_but_not_retrieved,accept,accept,,,doc + kiem grounding/tu-chua/nhom: dat,"World Bank trong báo cáo khí hậu Việt Nam có khuyến nghị giữ toàn bộ doanh thu từ thuế carbon cho ngân sách nhà nước, không dùng cho các chương trình xã hội, đúng không?"
adversarial-ac9690fb95,adversarial,answerable_but_not_retrieved,accept,accept,,,doc + kiem grounding/tu-chua/nhom: dat,"According to the World Bank report 'Addressing Climate Change in Transport: Pathway to Low-Carbon Transport' for Vietnam, the development of emissions scenarios for the transport sector did not include consultation with civil society organizations. Is this statement correct?"
adversarial-b5f84ed1c0,adversarial,answerable_but_not_retrieved,accept,accept,,,doc + kiem grounding/tu-chua/nhom: dat,Báo cáo của Ngân hàng Thế giới về Việt Nam khẳng định rằng mô hình tăng trưởng trước đây của Việt Nam không cải thiện mức sống của người dân. Điều này có đúng không?
adversarial-bc5a01d272,adversarial,answerable_but_not_retrieved,accept,accept,,,doc + kiem grounding/tu-chua/nhom: dat,"According to the World Bank report on Vietnam's financial sector, the DATC's collection rate is approximately 70 percent of book value, which is why banks are eager to sell their bad debts to the DATC. Is this correct?"
adversarial-c95b8f523d,adversarial,answerable_but_not_retrieved,accept,accept,,,doc + kiem grounding/tu-chua/nhom: dat,"In its Vietnam Development Report 2004, the World Bank states that Participatory Poverty Assessments (PPAs) give top priority to large-scale infrastructure over local governance. What are the consequences of this priority for poverty reduction?"
adversarial-d5d2e44792,adversarial,answerable_but_not_retrieved,accept,accept,,,doc + kiem grounding/tu-chua/nhom: dat,Báo cáo của Ngân hàng Thế giới về Việt Nam khuyến nghị chính phủ không nên ưu tiên ứng phó biến đổi khí hậu trong chiến lược tăng trưởng kinh tế tương lai. Điều này có chính xác không?
adversarial-e1fbd88dfc,adversarial,answerable_but_not_retrieved,accept,accept,,,doc + kiem grounding/tu-chua/nhom: dat,"According to the World Bank report, Vietnam's 2003 corporate tax reform reduced the tax rate for foreign-invested enterprises from 32% to 28%. Is that correct?"
adversarial-ea8adb8bb7,adversarial,answerable_but_not_retrieved,accept,accept,,,doc + kiem grounding/tu-chua/nhom: dat,"Theo Quyết định số 641/QĐ-TTg ngày 31/5/2012, Hội đồng Quốc gia về Phát triển bền vững và Nâng cao năng lực cạnh tranh do Thủ tướng Chính phủ làm Chủ tịch, đúng không?"
adversarial-f430f94842,adversarial,answerable_but_not_retrieved,accept,reject,,,trung y voi adversarial-ac9690fb95: cung cau ve ai xay dung kich ban phat thai GTVT,"Theo báo cáo 'Addressing Climate Change in Transport' (lộ trình giao thông carbon thấp) của World Bank, Bộ Tài nguyên và Môi trường (MoNRE) là cơ quan chủ trì xây dựng các kịch bản phát thải ngành giao thông vận tải tại Việt Nam. Nhận định này có chính xác không?"
adversarial-f7db549a44,adversarial,answerable_but_not_retrieved,accept,accept,,,doc + kiem grounding/tu-chua/nhom: dat,"Theo báo cáo của World Bank, các biện pháp giám sát trong chiến lược du lịch Việt Nam nên chỉ tập trung vào rủi ro môi trường như ô nhiễm nhựa dùng một lần. Báo cáo thực sự xác định những loại rủi ro nào?"
aggregation-02aabe0eca,aggregation,answerable_but_not_retrieved,accept,accept,,,doc + kiem grounding/tu-chua/nhom: dat,How was the PPA exercise coordinated and reviewed during the preparation of the Vietnam Development Report 2004?
aggregation-107267ebc4,aggregation,answerable_but_not_retrieved,accept,reject,,,"""Theo huong dan bao cao"" khong tu chua, va nua dau cau hoi la ve so tap cua bao cao","Theo hướng dẫn báo cáo, báo cáo gồm ba tập; Tập 2 chứa nghiên cứu điển hình của bao nhiêu ngành, và các tổ chức nào đã hỗ trợ thực hiện khảo sát TTFA?"
aggregation-30fc4cc114,aggregation,answerable_but_not_retrieved,accept,accept,,,doc + kiem grounding/tu-chua/nhom: dat,"Trong báo cáo của World Bank về ngành xe tải Việt Nam, những thách thức chính về chi phí quy định mà ngành phải đối mặt là gì, đồng thời chính sách hiện hành nào được đánh giá có tác động tích cực cao nhất và ba lĩnh vực chính sách tương lai nào được ưu tiên?"
aggregation-4474de5afe,aggregation,answerable_but_not_retrieved,accept,accept,,,doc + kiem grounding/tu-chua/nhom: dat,"What were the main developments and plans in Vietnam's bond market from 2005 to 2007, including market liquidity measures, bond yields, and future issuance by state-owned enterprises?"
aggregation-452767eaaf,aggregation,answerable_but_not_retrieved,accept,accept,,,doc + kiem grounding/tu-chua/nhom: dat,"According to the World Bank's 2004 report on Vietnam, how do Prime Minister's Directive No. 11/2004/CT-TTg and Decision 58/2002/QD-TTg jointly shape the equitization and restructuring of state-owned enterprises, and which implementation gaps does the report cite?"
aggregation-4c82245784,aggregation,answerable_but_not_retrieved,accept,accept,,,doc + kiem grounding/tu-chua/nhom: dat,"Based on the World Bank's Vietnam Science, Technology, and Innovation Report, what are the main strengths and weaknesses of Vietnam's tertiary education system?"
aggregation-4ef0dbb4c8,aggregation,answerable_but_not_retrieved,accept,accept,,,doc + kiem grounding/tu-chua/nhom: dat,What are the titles and fundamental objectives of Priority Package #4 and Priority Package #5 in the World Bank's Vietnam Country Climate and Development Report?
aggregation-83e3bb4cc4,aggregation,answerable_but_not_retrieved,accept,accept,,,doc + kiem grounding/tu-chua/nhom: dat,"What are the main weaknesses in SOE information disclosure in Vietnam before Decree 61, and how does Decree 61 address these weaknesses?"
aggregation-9688ceeadf,aggregation,answerable_but_not_retrieved,accept,accept,,,doc + kiem grounding/tu-chua/nhom: dat,"Theo thông báo của World Bank về Báo cáo Phát triển Việt Nam 2005, xu hướng gánh nặng nợ ODA và điều kiện vay ODA của Việt Nam được dự báo ra sao, và World Bank cung cấp những loại dịch vụ nào cho Việt Nam?"
aggregation-ae74061f49,aggregation,answerable_but_not_retrieved,accept,accept,,,doc + kiem grounding/tu-chua/nhom: dat,"According to the World Bank's Vietnam Science, Technology, and Innovation Report, what are the first three institutional implications of the recommended strategic re-orientation of innovation policy?"
aggregation-d4afc393e1,aggregation,answerable_but_not_retrieved,accept,accept,,,doc + kiem grounding/tu-chua/nhom: dat,"According to the World Bank's Vietnam Science, Technology, and Innovation Report, what factors drive demand for higher education in Vietnam, and what specific workforce skills gaps are identified?"
aggregation-d53cbb84fc,aggregation,answerable_but_not_retrieved,accept,reject,,,"cau hoi KHONG tu chua: ""this study"" / ""its synthesis report""","Which agencies were the host and co-host for this study, and which Deputy Prime Minister provided the foreword for its synthesis report?"
aggregation-de7c45d9f1,aggregation,answerable_but_not_retrieved,accept,accept,,,doc + kiem grounding/tu-chua/nhom: dat,"Theo hướng dẫn của World Bank về đánh giá giá trị tài sản tự nhiên ven biển ở Việt Nam, phương pháp định giá dịch vụ thủy sản ở rừng ngập mặn khác gì so với ở đầm phá Tam Giang - Cầu Hai, và tại sao lại có sự khác biệt này?"
aggregation-e1cba94567,aggregation,answerable_but_not_retrieved,accept,accept,,,doc + kiem grounding/tu-chua/nhom: dat,"What major reforms in Vietnam's financial sector—covering microfinance, joint stock banks, and securities markets—were described in the World Bank's 'Taking Stock' report?"
aggregation-f03706719d,aggregation,answerable_but_not_retrieved,accept,accept,,,doc + kiem grounding/tu-chua/nhom: dat,"Trong thông báo của World Bank về Báo cáo Phát triển Việt Nam 2005, những thách thức và khuyến nghị quản trị nào được đề cập đối với tài sản nhà nước, doanh nghiệp nhà nước, cải cách hành chính, chống tham nhũng và quản lý viện trợ?"
aggregation-f88fe35156,aggregation,answerable_but_not_retrieved,accept,accept,,,doc + kiem grounding/tu-chua/nhom: dat,"What monitoring and enforcement mechanisms does Vietnam's Decision 271/2003/QD-TTg establish for SOE performance, and what does the World Bank report say about the lack of compliance that preceded it?"
cross_lingual-08b1e75c9a,cross_lingual,answerable_but_not_retrieved,accept,accept,,,doc + kiem grounding/tu-chua/nhom: dat,"What percentage of smallholder coffee farmers in Vietnam are members of commercially oriented cooperatives, according to the World Bank report?"
cross_lingual-0eed8d739d,cross_lingual,answerable_but_not_retrieved,accept,accept,,,doc + kiem grounding/tu-chua/nhom: dat,"Theo báo cáo cập nhật kinh tế Việt Nam của World Bank, việc thoái vốn doanh nghiệp nhà nước diễn ra chủ yếu ở khu vực nào và bao nhiêu phần trăm được bán cho nhà đầu tư tư nhân?"
cross_lingual-1914284413,cross_lingual,answerable_but_not_retrieved,accept,accept,,,doc + kiem grounding/tu-chua/nhom: dat,"How many service cooperatives were still operating in Vietnam in 2012, and what share of them contributed little to export earnings, as stated in the World Bank report?"
cross_lingual-2979f3ba65,cross_lingual,answerable_but_not_retrieved,accept,accept,,,doc + kiem grounding/tu-chua/nhom: dat,"Theo báo cáo Khoa học, Công nghệ và Đổi mới sáng tạo (STI) của Ngân hàng Thế giới về Việt Nam, ngân sách dành để hỗ trợ các công ty khởi nghiệp công nghệ trẻ vào năm 2017 là bao nhiêu phần trăm?"
cross_lingual-2b1cfd18b6,cross_lingual,answerable_but_not_retrieved,accept,accept,,,doc + kiem grounding/tu-chua/nhom: dat,"Theo báo cáo cập nhật kinh tế Việt Nam của World Bank, trong giai đoạn 2011–2013, có bao nhiêu Nghị định, Quyết định và Chỉ thị liên quan đến cải cách doanh nghiệp nhà nước được ban hành?"
cross_lingual-2db16bd2ae,cross_lingual,answerable_but_not_retrieved,accept,accept,,,doc + kiem grounding/tu-chua/nhom: dat,"Trong báo cáo đánh giá khuôn khổ pháp lý tài chính của Việt Nam, do những lỗ hổng trong khuôn khổ pháp lý, cấu trúc nào đang nổi lên?"
cross_lingual-2ecd81ea55,cross_lingual,answerable_but_not_retrieved,accept,accept,,,doc + kiem grounding/tu-chua/nhom: dat,What concern does the limited remaining investment expenditure from the central government raise in the context of Vietnam's public spending decentralization?
cross_lingual-2f8a74eb8b,cross_lingual,answerable_but_not_retrieved,accept,reject,,,"mo ho: ""bao cao cap nhat kinh te Viet Nam"" co nhieu ban Diem lai, nganh/moc thoi gian khong xac dinh","Theo báo cáo cập nhật của World Bank về tình hình kinh tế Việt Nam, ngành nào bị ảnh hưởng nặng nề nhất và mức giảm là bao nhiêu phần trăm?"
cross_lingual-307f85ba05,cross_lingual,answerable_but_not_retrieved,accept,accept,,,doc + kiem grounding/tu-chua/nhom: dat,"What did the pilot assessment of licensing activities in Vietnam conclude about the salaries and allowances of officials, and which decrees regulate civil servant remuneration?"
cross_lingual-35f7d92bc6,cross_lingual,answerable_but_not_retrieved,accept,accept,,,doc + kiem grounding/tu-chua/nhom: dat,"Theo báo cáo của World Bank, tốc độ tăng trưởng tiền tệ rộng của Việt Nam năm 2004 là bao nhiêu so với năm 2003?"
cross_lingual-38870f0a70,cross_lingual,answerable_but_not_retrieved,accept,accept,,,doc + kiem grounding/tu-chua/nhom: dat,"Theo World Bank, trong giai đoạn từ 1/7/2013 đến 30/6/2014, doanh nghiệp đầu tư vào dự án nhà ở thu nhập thấp (căn hộ có diện tích tối đa 70m2 và giá dưới 15 triệu VND/m2) được giảm bao nhiêu phần trăm thuế GTGT đầu ra?"
cross_lingual-389469b506,cross_lingual,answerable_but_not_retrieved,accept,accept,,,doc + kiem grounding/tu-chua/nhom: dat,"Theo World Bank, lĩnh vực nào được dự báo sẽ mở rộng nhờ công nghệ số và sự di chuyển của người dân, nhưng vẫn còn rào cản thương mại cao, đặc biệt ở châu Á?"
cross_lingual-390100878c,cross_lingual,answerable_but_not_retrieved,accept,accept,,,doc + kiem grounding/tu-chua/nhom: dat,"Theo báo cáo CCDR của Ngân hàng Thế giới, các chiến lược khí hậu của Việt Nam cần được tái cân bằng để bao gồm điều gì?"
cross_lingual-3d44fafa3a,cross_lingual,answerable_but_not_retrieved,accept,accept,,,doc + kiem grounding/tu-chua/nhom: dat,"What responsibility do ministries in Vietnam have for setting civil service rules, professional standards, and salary classification, and whose agreement is required, according to the World Bank report on improving business regulations?"
cross_lingual-3e5b84a32c,cross_lingual,answerable_but_not_retrieved,accept,accept,,,doc + kiem grounding/tu-chua/nhom: dat,"Trong hệ thống quản lý và giám sát tài chính của Việt Nam, cơ quan nào giám sát các tổ chức tín dụng, và cơ quan nào giám sát lĩnh vực bảo hiểm và thị trường chứng khoán?"
cross_lingual-413dd6247d,cross_lingual,answerable_but_not_retrieved,accept,accept,,,doc + kiem grounding/tu-chua/nhom: dat,"Theo Báo cáo cập nhật tình hình kinh tế Việt Nam của World Bank, mức thuế suất thuế thu nhập doanh nghiệp áp dụng từ ngày 1 tháng 7 năm 2013 đối với doanh nghiệp đầu tư dự án nhà ở xã hội là bao nhiêu?"
cross_lingual-68e87dcabf,cross_lingual,answerable_but_not_retrieved,accept,accept,,,doc + kiem grounding/tu-chua/nhom: dat,"What commitments did Vietnam's Prime Minister announce at COP26 in Glasgow in November 2021, as reported in the World Bank climate and development report for Vietnam?"
cross_lingual-723d01c39a,cross_lingual,answerable_but_not_retrieved,accept,accept,,,doc + kiem grounding/tu-chua/nhom: dat,"Theo báo cáo của World Bank về khu vực tài chính Việt Nam, tỷ lệ nợ xấu (NPL) của hệ thống ngân hàng ước tính là bao nhiêu phần trăm tổng dư nợ vào cuối năm 2012?"
cross_lingual-73d7c3770a,cross_lingual,answerable_but_not_retrieved,accept,accept,,,doc + kiem grounding/tu-chua/nhom: dat,"Theo báo cáo của World Bank về Việt Nam, xu hướng toàn cầu nào được cho là sẽ yếu hơn trong những năm 2020 và có thể ảnh hưởng đến thương mại và đầu tư của Việt Nam như thế nào?"
cross_lingual-7823b09ef2,cross_lingual,answerable_but_not_retrieved,accept,accept,,,doc + kiem grounding/tu-chua/nhom: dat,"In the prioritization framework described in the World Bank's Vietnam CCDR, what are the two categories of urgency for climate actions?"
cross_lingual-796fed345f,cross_lingual,answerable_but_not_retrieved,accept,accept,,,doc + kiem grounding/tu-chua/nhom: dat,"According to the World Bank report on Vietnam's marine economy, what method is used to standardize data from different years to constant 2010 prices?"
cross_lingual-7c36935098,cross_lingual,answerable_but_not_retrieved,accept,accept,,,doc + kiem grounding/tu-chua/nhom: dat,"Theo báo cáo 'Taking stock: an update on Vietnam's recent economic developments' của World Bank, tốc độ tăng trưởng nhập khẩu của Việt Nam trong năm tính đến tháng 10/2007 là bao nhiêu phần trăm?"
cross_lingual-80bfac4ae5,cross_lingual,answerable_but_not_retrieved,accept,accept,,,doc + kiem grounding/tu-chua/nhom: dat,"Theo báo cáo của World Bank, sự sụt giảm tỷ lệ tiền mặt trên tiền gửi (currency-deposit ratio) trong hai năm gần đây ở Việt Nam ngụ ý điều gì?"
cross_lingual-936f0049cb,cross_lingual,answerable_but_not_retrieved,accept,accept,,,doc + kiem grounding/tu-chua/nhom: dat,"Trong báo cáo STI của Ngân hàng Thế giới về Việt Nam, hầu hết các chương trình hỗ trợ khởi nghiệp đang ở giai đoạn nào?"
cross_lingual-9ed5a14492,cross_lingual,answerable_but_not_retrieved,accept,accept,,,doc + kiem grounding/tu-chua/nhom: dat,What does the World Bank report propose that international cooperation will aim to do for Vietnam in the chapter on international cooperation for sustainable marine/coastal economy development?
cross_lingual-a43b326fac,cross_lingual,answerable_but_not_retrieved,accept,accept,,,doc + kiem grounding/tu-chua/nhom: dat,"According to the World Bank's Vietnam Macroeconomic Update, what do the PMI values above 50, below 50, and equal to 50 indicate?"
cross_lingual-afabc415e0,cross_lingual,answerable_but_not_retrieved,accept,accept,,,doc + kiem grounding/tu-chua/nhom: dat,"Trong 10 tháng đầu năm 2008, chỉ số doanh số bán lẻ của Việt Nam tăng bao nhiêu phần trăm so với cùng kỳ năm 2007 theo báo cáo của World Bank?"
cross_lingual-be74c1fb94,cross_lingual,answerable_but_not_retrieved,accept,accept,,,doc + kiem grounding/tu-chua/nhom: dat,How did the World Bank report adjust international estimates for Vietnam's ocean and coastal ecosystems to reflect differences in willingness to pay?
cross_lingual-c2c7e9b61a,cross_lingual,answerable_but_not_retrieved,accept,accept,,,doc + kiem grounding/tu-chua/nhom: dat,"Theo báo cáo của World Bank về khu vực tài chính Việt Nam, tại sao Ngân hàng Nhà nước Việt Nam (SBV) đã can thiệp vào nhiều ngân hàng nhỏ trong giai đoạn cuối năm 2012?"
cross_lingual-c5caae216c,cross_lingual,answerable_but_not_retrieved,accept,reject,,,"hoi ""Table 6 tom tat gi"" - tham chieu cau truc tai lieu, nguoi dung khong hoi kieu do",What does Table 6 summarize in the World Bank's Vietnam Country Climate and Development Report?
cross_lingual-d407f9b42e,cross_lingual,answerable_but_not_retrieved,accept,accept,,,doc + kiem grounding/tu-chua/nhom: dat,"Theo báo cáo của World Bank, Nghị định 164 về thuế thu nhập doanh nghiệp đã có tác động gì đối với ưu đãi thuế cho các công ty nước ngoài và trong nước?"
cross_lingual-d5a3904031,cross_lingual,answerable_but_not_retrieved,accept,accept,,,doc + kiem grounding/tu-chua/nhom: dat,"Theo báo cáo của World Bank về kinh tế Việt Nam, việc tiếp tục tăng thu thuế kể từ cuối năm 2009 có thể ảnh hưởng như thế nào đến thâm hụt ngân sách?"
cross_lingual-d5cf5d5604,cross_lingual,answerable_but_not_retrieved,accept,accept,,,doc + kiem grounding/tu-chua/nhom: dat,"Theo báo cáo CCDR của World Bank về Việt Nam, gói ưu tiên số 2 tập trung vào những nội dung gì cho các trung tâm đô thị chính và cơ sở hạ tầng kết nối?"
cross_lingual-f38b917a2f,cross_lingual,answerable_but_not_retrieved,accept,accept,,,doc + kiem grounding/tu-chua/nhom: dat,"According to the World Bank report on Vietnam, what were Vietnam's rankings on the Notre Dame Global Adaptation Initiative (ND-GAIN) and the Germanwatch Global Climate Risk Index?"
cross_lingual-f4e48c0b22,cross_lingual,answerable_but_not_retrieved,accept,accept,,,doc + kiem grounding/tu-chua/nhom: dat,"Theo Tổng cục Hải quan Việt Nam trong báo cáo của World Bank, cơ chế Đối tác Kinh tế được ủy quyền (AEO) đã được thí điểm với bao nhiêu công ty?"
cross_lingual-f4e5ddd440,cross_lingual,answerable_but_not_retrieved,accept,accept,,,doc + kiem grounding/tu-chua/nhom: dat,"Theo báo cáo của World Bank, đâu là nguyên nhân khiến các sản phẩm gỗ của Việt Nam nhận được sự thúc đẩy ban đầu vào năm 2004?"
cross_lingual-f5bbd08d18,cross_lingual,answerable_but_not_retrieved,accept,accept,,,doc + kiem grounding/tu-chua/nhom: dat,"According to the World Bank report, what elements are considered in the recommendations for Vietnam on sustainable marine and coastal economy development?"
cross_lingual-fb8c1fb2cf,cross_lingual,answerable_but_not_retrieved,accept,accept,,,doc + kiem grounding/tu-chua/nhom: dat,"Theo báo cáo CCDR của World Bank, những biện pháp nào được khuyến nghị để xử lý tài sản vật chất hiện có và quy hoạch đất đai nhằm giảm thiểu rủi ro ngập lụt và xâm lấn thảm thực vật tự nhiên?"
cross_lingual-ff377d9b8c,cross_lingual,answerable_but_not_retrieved,accept,accept,,,doc + kiem grounding/tu-chua/nhom: dat,"Theo báo cáo của World Bank về kinh tế Việt Nam, năm 2009 thâm hụt ngân sách tổng thể là bao nhiêu phần trăm GDP và nợ công tăng bao nhiêu điểm phần trăm?"
factoid-00e124d6f6,factoid,answerable_but_not_retrieved,accept,accept,,,doc + kiem grounding/tu-chua/nhom: dat,"Trong tài liệu 'Hỗ trợ nền kinh tế ven biển tăng khả năng chống chịu ở Việt Nam: Hướng dẫn kỹ thuật cho việc Thiết lập hành lang bảo vệ bờ biển', cách tính hợp phần sóng do gió địa phương thường dựa trên dữ liệu quan sát phù hợp nhất lấy từ đâu?"
factoid-01db8ac950,factoid,answerable_but_not_retrieved,accept,accept,,,doc + kiem grounding/tu-chua/nhom: dat,"Theo định nghĩa trong báo cáo Cập Nhật Kinh Tế Vĩ Mô của World Bank, 'tăng trưởng thu nhập thực tế' là mức tăng trưởng của chỉ số nào sau khi điều chỉnh theo lạm phát?"
factoid-0555fde720,factoid,answerable_but_not_retrieved,accept,accept,,,doc + kiem grounding/tu-chua/nhom: dat,"According to the World Bank's Vietnam Science, Technology, and Innovation Report, what are the two major skills constraints for firms' innovation practices?"
factoid-0867b3f3e7,factoid,answerable_but_not_retrieved,accept,accept,,,doc + kiem grounding/tu-chua/nhom: dat,What was the average annual investment of Vietnam's Ministry of Transport between 2001 and 2015?
factoid-09b9f85eb8,factoid,answerable_but_not_retrieved,accept,accept,,,doc + kiem grounding/tu-chua/nhom: dat,"Which system, according to the World Bank report, were initial measures undertaken to establish for monitoring the implementation of Vietnam's SEDP?"
factoid-0b803420ee,factoid,answerable_but_not_retrieved,accept,accept,,,doc + kiem grounding/tu-chua/nhom: dat,"Theo Báo cáo khí hậu và phát triển quốc gia của World Bank, Việt Nam đặt mục tiêu trở thành nền kinh tế có thu nhập cao vào năm nào?"
factoid-0e49d92353,factoid,answerable_but_not_retrieved,accept,accept,,,doc + kiem grounding/tu-chua/nhom: dat,Số nghị định nào được đề cập trong báo cáo World Bank về Việt Nam quy định các mục đích của Quỹ Hỗ trợ Sắp xếp và Cổ phần hóa?
factoid-16f915a51b,factoid,answerable_but_not_retrieved,accept,accept,,,doc + kiem grounding/tu-chua/nhom: dat,Sáng kiến thiết lập Nền tảng kinh tế biển xanh Việt Nam trong báo cáo của World Bank là của bộ nào?
factoid-346a7d897a,factoid,answerable_but_not_retrieved,accept,accept,,,doc + kiem grounding/tu-chua/nhom: dat,"Trong báo cáo về cải thiện quy định kinh doanh ở Việt Nam, việc đánh giá các quy định cấp phép đã chỉ ra điều gì?"
factoid-452c99ae39,factoid,answerable_but_not_retrieved,accept,accept,,,doc + kiem grounding/tu-chua/nhom: dat,"According to the World Bank report, what does Singapore provide for poor households that can be used for their water and wastewater bill?"
factoid-45b8640c90,factoid,answerable_but_not_retrieved,accept,accept,,,doc + kiem grounding/tu-chua/nhom: dat,"Theo báo cáo của Ngân hàng Thế giới, nghị định nào quy định khung pháp lý mới cho việc quản lý và giám sát tài chính vi mô tại Việt Nam?"
factoid-4c9e698d80,factoid,answerable_but_not_retrieved,accept,accept,,,doc + kiem grounding/tu-chua/nhom: dat,"Theo báo cáo Cập Nhật Kinh Tế Vĩ Mô Việt Nam, tính đến cuối tháng 11/2023, Kho bạc Nhà nước đã phát hành trái phiếu Chính phủ trị giá bao nhiêu?"
factoid-4da07bddb1,factoid,answerable_but_not_retrieved,accept,accept,,,doc + kiem grounding/tu-chua/nhom: dat,"Theo báo cáo của World Bank về thương mại của Việt Nam, cách thức chuẩn hóa các quốc gia khi so sánh kết quả xuất khẩu là gì?"
factoid-4e3cd90af8,factoid,answerable_but_not_retrieved,accept,reject,,,"hoi TIEU DE cua Hop 3 - tra muc luc, khong phai nang luc RAG","Theo báo cáo 'Việt Nam 2045: Nâng cao vị thế Thương mại trong một thế giới đang thay đổi – Con đường dẫn đến tương lai thu nhập cao của Việt Nam' của World Bank, tiêu đề đầy đủ của Hộp 3 là gì?"
factoid-58d1625dca,factoid,answerable_but_not_retrieved,accept,accept,,,doc + kiem grounding/tu-chua/nhom: dat,"Theo báo cáo Cập Nhật Kinh Tế Vĩ Mô của World Bank, chỉ số PMI (Chỉ số nhà quản lý mua hàng) của Việt Nam trên 50 cho biết điều gì?"
factoid-5c670fbdbe,factoid,answerable_but_not_retrieved,accept,accept,,,doc + kiem grounding/tu-chua/nhom: dat,"According to the Vietnam development report 2006, what remains high in Vietnam despite progress in removing import quotas and reducing tariffs and subsidies?"
factoid-65bcefa34d,factoid,answerable_but_not_retrieved,accept,reject,,,vong tron: cau hoi ta bao cao roi hoi chinh tieu de cua no,Tên đầy đủ của báo cáo Ngân hàng Thế giới tập trung vào cải thiện quy định kinh doanh để hỗ trợ tăng trưởng năng suất ở Việt Nam là gì?
factoid-65e662005f,factoid,answerable_but_not_retrieved,accept,accept,,,doc + kiem grounding/tu-chua/nhom: dat,"According to the World Bank report 'Vibrant Vietnam: Forging the Foundation of a High-Income Economy', what percentage of Vietnam's GDP did banking sector assets account for?"
factoid-66808b4616,factoid,answerable_but_not_retrieved,accept,accept,,,doc + kiem grounding/tu-chua/nhom: dat,"Theo Luật Đầu tư, danh sách hạn chế được quy định cho đối tượng nào?"
factoid-6b9e9c8f90,factoid,answerable_but_not_retrieved,accept,accept,,,doc + kiem grounding/tu-chua/nhom: dat,"According to the World Bank report 'Taking Stock: An Update on Vietnam's Recent Economic Developments', what is the concern about capital in light of widespread cross-ownership?"
factoid-70664217bb,factoid,answerable_but_not_retrieved,accept,reject,,,tra thu muc tham khao va ngoai mien: tac gia bao cao ve luong huu Trung Quoc,Who are the authors of the 2013 report 'China’s Pension Schemes for Rural and Urban Residents'?
factoid-78f4565281,factoid,answerable_but_not_retrieved,accept,accept,,,doc + kiem grounding/tu-chua/nhom: dat,"Theo báo cáo World Bank, giai đoạn đầu của kế hoạch thực hiện cho kinh tế ven biển Việt Nam sẽ tập trung vào đâu?"
factoid-7ac9867456,factoid,answerable_but_not_retrieved,accept,accept,,,doc + kiem grounding/tu-chua/nhom: dat,"Theo Nghị định 177, Quỹ Hỗ trợ Sắp xếp và Cổ phần hóa có bao nhiêu mục đích?"
factoid-7d2921da39,factoid,answerable_but_not_retrieved,accept,accept,,,doc + kiem grounding/tu-chua/nhom: dat,"Theo báo cáo của World Bank, tỷ lệ du khách quốc tế đến Việt Nam chủ yếu vì mục đích nghỉ dưỡng và giải trí là bao nhiêu?"
factoid-7e9b7c3826,factoid,answerable_but_not_retrieved,accept,accept,,,doc + kiem grounding/tu-chua/nhom: dat,"Theo báo cáo Cập Nhật Kinh Tế Vĩ Mô Việt Nam, lãi suất trung bình của các đợt phát hành trái phiếu Chính phủ có kỳ hạn dài từ 10 đến 30 năm tính đến cuối tháng 11/2023 là bao nhiêu?"
factoid-847ebb541f,factoid,answerable_but_not_retrieved,accept,accept,,,doc + kiem grounding/tu-chua/nhom: dat,"According to the World Bank's Vietnam Country Climate and Development Report, what was the electricity access rate in Vietnam in 2020?"
factoid-92fde1899a,factoid,answerable_but_not_retrieved,accept,accept,,,doc + kiem grounding/tu-chua/nhom: dat,What was the total investment of Vietnam's Ministry of Transport from 2001 to 2015?
factoid-96be3d07ee,factoid,answerable_but_not_retrieved,accept,accept,,,doc + kiem grounding/tu-chua/nhom: dat,"Theo Báo cáo Quốc gia về Khí hậu và Phát triển của Việt Nam, nhóm dân cư nào chịu tác động tiêu cực nhất từ biến đổi khí hậu?"
factoid-97ed82d56b,factoid,answerable_but_not_retrieved,accept,accept,,,doc + kiem grounding/tu-chua/nhom: dat,What was the estimated shortage of total budget revenues in Vietnam in the first nine months of 2013 according to the World Bank?
factoid-9982ec5eeb,factoid,answerable_but_not_retrieved,accept,accept,,,doc + kiem grounding/tu-chua/nhom: dat,"Theo báo cáo 'Taking Stock' của Ngân hàng Thế giới, đến thời điểm nào tất cả các ngân hàng ở Việt Nam phải lập báo cáo đầu tiên dựa trên phân loại nợ mới?"
factoid-9d0c771def,factoid,answerable_but_not_retrieved,accept,accept,,,doc + kiem grounding/tu-chua/nhom: dat,"Theo báo cáo của World Bank về phát triển kinh tế biển Việt Nam, khu kinh tế ven biển duy nhất chưa được thành lập là khu nào và có diện tích quy hoạch bao nhiêu?"
factoid-a10326813f,factoid,answerable_but_not_retrieved,accept,accept,,,doc + kiem grounding/tu-chua/nhom: dat,"According to the World Bank's update on Vietnam's recent economic developments, what kind of audits would provide accurate assessments of non-performing loans and recapitalization needs?"
factoid-a72379ed0d,factoid,answerable_but_not_retrieved,accept,reject,,,tra thu muc tham khao: so hieu Policy Research Paper 5493 trong chu thich,Số hiệu của Tài liệu Nghiên cứu Chính sách của Ngân hàng Thế giới được nhắc đến trong báo cáo về cải thiện quy định kinh doanh ở Việt Nam là gì?
factoid-a841468e66,factoid,answerable_but_not_retrieved,accept,accept,,,doc + kiem grounding/tu-chua/nhom: dat,"According to the World Bank's update, when were the proposed revisions to Vietnam's State Budget Law expected to be discussed by the National Assembly?"
factoid-a9fd41a894,factoid,answerable_but_not_retrieved,accept,reject,,,tra thu muc tham khao va ngoai mien: to chuc xuat ban bao cao ve dementia,Which organization published the report 'Dementia in the Asia Pacific Region' in 2014?
factoid-aa93180139,factoid,answerable_but_not_retrieved,accept,reject,,,hoi kich thuoc bong bong trong Hinh 2.14 - tham chieu cau truc tai lieu,"Theo báo cáo của World Bank về tạo thuận lợi thương mại và tăng trưởng kinh tế của Việt Nam, kích thước bong bóng trong Hình 2.14 biểu thị điều gì?"
factoid-aac707f401,factoid,answerable_but_not_retrieved,accept,reject,,,tra thu muc tham khao: tac gia trong danh muc tai lieu khi tuong hai duong,"Theo danh sách tài liệu về khí tượng hải dương, ai là tác giả của tài liệu đưa ra cái nhìn tổng quan ở cấp độ nâng cao hơn?"
factoid-b152418e85,factoid,answerable_but_not_retrieved,accept,accept,,,doc + kiem grounding/tu-chua/nhom: dat,"Theo báo cáo phát triển Việt Nam 2006 của Ngân hàng Thế giới, Việt Nam sắp gia nhập tổ chức nào?"
factoid-bb2deb029b,factoid,answerable_but_not_retrieved,accept,accept,,,doc + kiem grounding/tu-chua/nhom: dat,"According to the World Bank report on Vietnam's economic developments, which type of loans is specifically mentioned as being inadequately classified?"
factoid-c10c4aceaf,factoid,answerable_but_not_retrieved,accept,reject,,,"cau hoi qua mo ho: ""thanh pho nao ngay cang duoc ua chuong"" - dien vao cho trong","Trong báo cáo của World Bank, thành phố nào của Việt Nam ngày càng được ưa chuộng, một phần là cửa ngõ vào Việt Nam?"
factoid-c33825375f,factoid,answerable_but_not_retrieved,accept,accept,,,doc + kiem grounding/tu-chua/nhom: dat,What was Vietnam's installed coal power capacity in 2020 according to the World Bank report?
factoid-c558c26302,factoid,answerable_but_not_retrieved,accept,accept,,,doc + kiem grounding/tu-chua/nhom: dat,"Based on the World Bank report on Vietnam's trucking sector, which truck segment's annual sales are dominated by imports?"
factoid-c6c7bf6598,factoid,answerable_but_not_retrieved,accept,accept,,,doc + kiem grounding/tu-chua/nhom: dat,On what date did the Politburo issue a Resolution adopting the Judicial Reform Strategy (JRS) to 2020?
factoid-cff3b4f6d5,factoid,answerable_but_not_retrieved,accept,reject,,,hoi SO TRANG cua mot muc - so trang la artifact cua PDF bi lam phang,"Trong báo cáo 'Việt Nam 2045: Nâng cao vị thế Thương mại trong một thế giới đang thay đổi – Con đường dẫn đến tương lai thu nhập cao của Việt Nam' của World Bank, mục 'Vai trò của Việt Nam trong lĩnh vực bán dẫn' nằm ở trang bao nhiêu?"
factoid-e17af7290f,factoid,answerable_but_not_retrieved,accept,accept,,,doc + kiem grounding/tu-chua/nhom: dat,"Theo báo cáo của Ngân hàng Thế giới về khoa học, công nghệ và đổi mới của Việt Nam, giai đoạn nào trong vòng đời được coi là có khả năng thay đổi (malleable) đối với sự phát triển kỹ năng cảm xúc xã hội?"
factoid-e2dc79ce21,factoid,answerable_but_not_retrieved,accept,accept,,,doc + kiem grounding/tu-chua/nhom: dat,"Vietnam's national savings were worth what percentage of GDP in 2018, according to the World Bank?"
factoid-f23e24b30e,factoid,answerable_but_not_retrieved,accept,accept,,,doc + kiem grounding/tu-chua/nhom: dat,"Theo báo cáo của World Bank về thị trường vốn Việt Nam, trên thị trường trái phiếu phi chính phủ, sự thiếu vắng tỉ trọng lớn của các nhà đầu tư tổ chức trong nước khiến cho đối tượng nào thống trị thị trường?"
factoid-f9896b7519,factoid,answerable_but_not_retrieved,accept,accept,,,doc + kiem grounding/tu-chua/nhom: dat,"In the World Bank's recommendations for Vietnam's banking reforms, in which phase would the well-articulated NPL workout program be fully launched?"
factoid-fd32be61bd,factoid,answerable_but_not_retrieved,accept,accept,,,doc + kiem grounding/tu-chua/nhom: dat,"According to the World Bank report on Vietnam's trucking sector, what two tariff types influence Vietnam's import preferences for trucks?"
factoid-febf330c46,factoid,answerable_but_not_retrieved,accept,accept,,,doc + kiem grounding/tu-chua/nhom: dat,"According to the World Bank report on Vietnam's economic development, what was the estimated GDP growth rate in 2014?"
multi_hop-04d7dca57d,multi_hop,answerable_but_not_retrieved,accept,accept,,,doc + kiem grounding/tu-chua/nhom: dat,"According to the World Bank's Vietnam development report, what education policy measures are proposed to address the fact that universal basic education has not been achieved and some ethnic minority children do not attend primary school?"
multi_hop-17ccbba5ce,multi_hop,answerable_but_not_retrieved,accept,accept,,,doc + kiem grounding/tu-chua/nhom: dat,"In the World Bank's Vietnam trucking cost model, what cost of capital is assumed and what corporate tax rate is applied to truck operators?"
multi_hop-1b2436b1f6,multi_hop,answerable_but_not_retrieved,accept,accept,,,doc + kiem grounding/tu-chua/nhom: dat,"Theo báo cáo CCDR của World Bank, Việt Nam xếp hạng 127/182 ở chỉ số tổn thương ND-GAIN và 91/192 ở chỉ số sẵn sàng ND-GAIN; vì sao các chỉ số này khiến báo cáo coi đầu tư thích ứng là mối quan tâm lớn hơn so với giảm nhẹ biến đổi khí hậu?"
multi_hop-384485145b,multi_hop,answerable_but_not_retrieved,accept,accept,,,doc + kiem grounding/tu-chua/nhom: dat,"According to the World Bank's Vietnam trucking model, how much can small truck operators pay as their own payment, and what corporate tax rate does the model apply?"
multi_hop-4494d293b0,multi_hop,answerable_but_not_retrieved,accept,accept,,,doc + kiem grounding/tu-chua/nhom: dat,"In the Vietnam Country Climate and Development Report, the CGE model assumes that a 1 percent decrease in air pollution increases labor productivity by 0.3 percent. How does the measured annual mean PM2.5 concentration in Hanoi compare with the WHO guideline value, and why does this make targeted action there economically beneficial?"
multi_hop-5d07516530,multi_hop,answerable_but_not_retrieved,accept,accept,,,doc + kiem grounding/tu-chua/nhom: dat,"Theo báo cáo của World Bank về tăng trưởng kinh tế Việt Nam, xuất khẩu gạo từ Đồng bằng sông Cửu Long đi Đông Nam Á dùng tàu trọng tải bao nhiêu để giảm thời gian, chi phí, và vì sao việc tăng khối lượng xuất khẩu gạo trở nên khó khăn?"
multi_hop-6986543ebd,multi_hop,answerable_but_not_retrieved,accept,accept,,,doc + kiem grounding/tu-chua/nhom: dat,"Để các cảng nước sâu tại Vũng Tàu và Lạch Huyện thành công, World Bank khuyến nghị quy hoạch quốc gia nên bao gồm những cấp chính quyền và lĩnh vực hạ tầng nào, đồng thời cần đầu tư vào đâu?"
multi_hop-6af19bc73a,multi_hop,answerable_but_not_retrieved,accept,accept,,,doc + kiem grounding/tu-chua/nhom: dat,"Vai trò của Bộ Y tế và Bộ Tài chính trong quản lý quỹ bảo hiểm y tế được mô tả như thế nào, và thách thức nào liên quan đến tính bền vững tài chính của việc mở rộng bảo hiểm được nêu ra?"
multi_hop-6d0070e430,multi_hop,answerable_but_not_retrieved,accept,accept,,,doc + kiem grounding/tu-chua/nhom: dat,"Which administrative services were identified as problematic in a recent review of administrative procedures, and what new law was expected to be passed by the National Assembly in October 2005 to fight corruption?"
multi_hop-765c74e259,multi_hop,answerable_but_not_retrieved,accept,accept,,,doc + kiem grounding/tu-chua/nhom: dat,"According to the World Bank's report on Vietnam's recent economic developments, what is recommended for the CIC's data coverage and what restructuring is suggested for the VBSP?"
multi_hop-78a942bf28,multi_hop,answerable_but_not_retrieved,accept,accept,,,doc + kiem grounding/tu-chua/nhom: dat,"Theo Báo cáo đánh giá ngành tài chính Việt Nam của World Bank (FSAP), các quy tắc kế toán bổ sung của Bộ Tài chính làm trầm trọng thêm điểm yếu của Chuẩn mực Kế toán Việt Nam (VAS) đối với doanh nghiệp nhà nước theo cách nào, và Trung tâm Thông tin Tín dụng (CIC) nắm giữ bao nhiêu hồ sơ doanh nghiệp tính đến năm 2011?"
multi_hop-8e3cf6938f,multi_hop,answerable_but_not_retrieved,accept,accept,,,doc + kiem grounding/tu-chua/nhom: dat,"Theo World Bank, tỷ trọng nhập khẩu đầu vào để sản xuất hàng xuất khẩu của Việt Nam là bao nhiêu và tăng trưởng doanh số bán lẻ trước đại dịch của Việt Nam là bao nhiêu?"
multi_hop-c3047b1934,multi_hop,answerable_but_not_retrieved,accept,accept,,,doc + kiem grounding/tu-chua/nhom: dat,"According to the World Bank's report on Vietnam, what change is recommended for the SME Guarantee Fund of the VDB, and what areas of product market development are highlighted as needing further effort?"
multi_hop-c8e393f12a,multi_hop,answerable_but_not_retrieved,accept,accept,,,doc + kiem grounding/tu-chua/nhom: dat,"According to the Vietnam Development Report 2006, what was the total surface area of industrial zones by the end of 2004, and what percentage of the 17,480 denunciation letters reviewed by MONRE were related to site clearance and compensation?"
multi_hop-d618dc7859,multi_hop,answerable_but_not_retrieved,accept,accept,,,doc + kiem grounding/tu-chua/nhom: dat,"In the Vietnam development report, how does the educational situation in the poorest districts and communes compare to other areas, and what was the 2002 health care reform for the poor?"
multi_hop-d8e57b6cb1,multi_hop,answerable_but_not_retrieved,accept,accept,,,doc + kiem grounding/tu-chua/nhom: dat,"Theo báo cáo của World Bank, bộ nào chịu trách nhiệm xử lý khiếu nại liên quan đến chăm sóc sức khỏe, và năng lực nào của Bảo hiểm xã hội Việt Nam (VSS) cần được tăng cường để việc mở rộng bảo hiểm y tế hoạt động hiệu quả?"
multi_hop-f9247c1d2d,multi_hop,answerable_but_not_retrieved,accept,accept,,,doc + kiem grounding/tu-chua/nhom: dat,"Theo báo cáo của World Bank, ngoài các thị trường truyền thống, xuất khẩu gạo Việt Nam có tiềm năng mở rộng sang những thị trường nào, và báo cáo nói gì về độ khó của các thị trường mới này?"
multi_hop-ff75da4eee,multi_hop,answerable_but_not_retrieved,accept,accept,,,doc + kiem grounding/tu-chua/nhom: dat,"Theo báo cáo, để tăng cường kết nối đa phương thức giữa giao thông đường bộ và đường thủy, cần tăng cường yếu tố nào, và quy hoạch quốc gia nên bao gồm những gì để hỗ trợ các biện pháp này?"
table_lookup-02b0775b6f,table_lookup,answerable_but_not_retrieved,accept,accept,,,chu giai ban do Hinh E2 - table_lookup dung nghia,"Trong chú giải bản đồ Hình E2 của tài liệu hướng dẫn kỹ thuật về thiết lập hành lang bảo vệ bờ biển Việt Nam, màu vàng thể hiện sự kết hợp của những yếu tố nào?"
table_lookup-d3ac22f201,table_lookup,answerable_but_not_retrieved,accept,accept,,,doc + kiem grounding/tu-chua/nhom: dat,Tổng tài sản của hệ thống tài chính Việt Nam so với GDP năm 2011 là bao nhiêu phần trăm?
