doc_id,relative_path,source_url,landing_url,license,license_url,title,lang,doc_type,source,published_at,sha256,bytes,fetched_at,notes
wb-929681629871018154,vietnam-science-technology-and-innovation-report-929681629871018154.txt,http://documents.worldbank.org/curated/en/929681629871018154/text/Vietnam-Science-Technology-and-Innovation-Report.txt,http://documents.worldbank.org/curated/en/929681629871018154,CC BY 3.0 IGO,https://creativecommons.org/licenses/by/3.0/igo/,"Vietnam - Science, Technology, and Innovation Report",en,dev_report,worldbank-vietnam-en,2021-09-14,18417697921cafe3643a95fe2571d86d7db42cc2ea2616ea8206e7c3a78e1210,502661,2026-08-17T07:10:51+00:00,docty=Report; majdocty=Publications & Research
wb-745271590429811414,vibrant-vietnam-forging-the-foundation-of-a-high-income-econ-745271590429811414.txt,http://documents.worldbank.org/curated/en/745271590429811414/text/Vibrant-Vietnam-Forging-the-Foundation-of-a-High-Income-Economy-Main-Report.txt,http://documents.worldbank.org/curated/en/745271590429811414,CC BY 3.0 IGO,https://creativecommons.org/licenses/by/3.0/igo/,Vibrant Vietnam : Forging the Foundation of a High-Income Economy - Main Report (Vol. 1 of 3),en,dev_report,worldbank-vietnam-en,2020-05-01,e3e5a86c711cc6bf3cda81632ac2425303fc76a3f401387edad664e80694ee1a,409023,2026-08-17T07:10:56+00:00,docty=Country Economic Memorandum; majdocty=Economic & Sector Work
wb-618951468329964080,vietnam-development-report-2010-modern-institutions-618951468329964080.txt,http://documents.worldbank.org/curated/en/618951468329964080/text/535730WP0P11221ng0reduced0file0size.txt,http://documents.worldbank.org/curated/en/618951468329964080,CC BY 3.0 IGO,https://creativecommons.org/licenses/by/3.0/igo/,Vietnam development report 2010 : modern institutions,en,dev_report,worldbank-vietnam-en,2009-12-04,e0dbafd36ef368e8ef9f4f39cdc0010183d28bbe28532f4e8e0c97ae32574da6,990826,2026-08-17T07:10:59+00:00,docty=Development Policy Review (DPR); majdocty=Economic & Sector Work
wb-569101629869854640,vietnam-science-technology-and-innovation-report-policy-brie-569101629869854640.txt,http://documents.worldbank.org/curated/en/569101629869854640/text/Vietnam-Science-Technology-and-Innovation-Report-Policy-Brief.txt,http://documents.worldbank.org/curated/en/569101629869854640,CC BY 3.0 IGO,https://creativecommons.org/licenses/by/3.0/igo/,"Vietnam - Science, Technology, and Innovation Report : Policy Brief",en,dev_report,worldbank-vietnam-en,2020-01-01,f60911b9381be15f249ee8995f0a8de2d20d3e11192bf4f2ef5ac00b195af0fe,163892,2026-08-17T07:11:03+00:00,docty=Report; majdocty=Publications & Research
wb-124271468349801200,vietnam-development-report-2006-124271468349801200.txt,http://documents.worldbank.org/curated/en/124271468349801200/text/344740VN.txt,http://documents.worldbank.org/curated/en/124271468349801200,CC BY 3.0 IGO,https://creativecommons.org/licenses/by/3.0/igo/,Vietnam development report 2006,en,dev_report,worldbank-vietnam-en,2005-11-30,c3e067bc9c2c98fa27523ba28a1bedf6a4ff23126c749274d6c9779cfc0d1154,692518,2026-08-17T07:11:06+00:00,docty=Development Policy Review (DPR); majdocty=Economic & Sector Work
wb-581131568121810607,addressing-climate-change-in-transport-vol-1-of-2-volume-1-p-581131568121810607.txt,http://documents.worldbank.org/curated/en/581131568121810607/text/Volume-1-Pathway-to-Low-Carbon-Transport.txt,http://documents.worldbank.org/curated/en/581131568121810607,CC BY 3.0 IGO,https://creativecommons.org/licenses/by/3.0/igo/,Addressing Climate Change in Transport (Vol. 1 of 2) : Volume 1 : Pathway to Low-Carbon Transport,en,dev_report,worldbank-vietnam-en,2019-09-01,56e2119c26e281645376570ceab4f6ded95e780a7ce0f0bed009a826b780ab06,359717,2026-08-17T07:11:09+00:00,docty=Working Paper; majdocty=Publications & Research
wb-099355507062229876,vietnam-country-climate-and-development-report-099355507062229876.txt,http://documents.worldbank.org/curated/en/099355507062229876/text/P17724103036ee07909701028a237b6d18b.txt,http://documents.worldbank.org/curated/en/099355507062229876,CC BY 3.0 IGO,https://creativecommons.org/licenses/by/3.0/igo/,Vietnam – Country Climate and Development Report,en,dev_report,worldbank-vietnam-en,2022-07-01,390ecaddad5c8f8433499503d62ee662d97722625020b732877dc4836fcc43b6,331973,2026-08-17T07:11:15+00:00,docty=Country Climate and Development Report; majdocty=Economic & Sector Work
wb-099000007072236813,vietnam-country-climate-and-development-report-reconciling-e-099000007072236813.txt,http://documents.worldbank.org/curated/en/099000007072236813/text/P177241053ba0a05a0811809c0a36a856da.txt,http://documents.worldbank.org/curated/en/099000007072236813,CC BY 3.0 IGO,https://creativecommons.org/licenses/by/3.0/igo/,Vietnam - Country Climate and Development Report : Reconciling Economic Success with Climate Risks - Overview,en,dev_report,worldbank-vietnam-en,2022-07-01,ebe31ad88dd41aa4b9dda1695aa8a1e886dc18e21b39ebdcef6df09c4f8653e3,40662,2026-08-17T07:11:21+00:00,docty=Country Climate and Development Report; majdocty=Economic & Sector Work
wb-258661590431229598,vibrant-vietnam-forging-the-foundation-of-a-high-income-econ-258661590431229598.txt,http://documents.worldbank.org/curated/en/258661590431229598/text/Background-Papers.txt,http://documents.worldbank.org/curated/en/258661590431229598,CC BY 3.0 IGO,https://creativecommons.org/licenses/by/3.0/igo/,Vibrant Vietnam : Forging the Foundation of a High-Income Economy - Main Report (Vol. 3 of 3) : Background Papers,en,dev_report,worldbank-vietnam-en,2020-05-01,97ad3f12dfa408b1c0b3e3946733a33fdf92171214bc9b586a5643f11d109d57,841671,2026-08-17T07:11:27+00:00,docty=Country Economic Memorandum; majdocty=Economic & Sector Work
wb-722601590430850064,vibrant-vietnam-forging-the-foundation-of-a-high-income-econ-722601590430850064.txt,http://documents.worldbank.org/curated/en/722601590430850064/text/Summary-Report.txt,http://documents.worldbank.org/curated/en/722601590430850064,CC BY 3.0 IGO,https://creativecommons.org/licenses/by/3.0/igo/,Vibrant Vietnam : Forging the Foundation of a High-Income Economy - Main Report (Vol. 2 of 3) : Summary Report,en,dev_report,worldbank-vietnam-en,2020-05-01,720bf86c9eada8fdcde509651198843b3c058a7792132759a228554447a3e56c,66203,2026-08-17T07:11:30+00:00,docty=Country Economic Memorandum; majdocty=Economic & Sector Work
wb-729701468782350998,vietnam-taking-stock-729701468782350998.txt,http://documents.worldbank.org/curated/en/729701468782350998/text/269800VN0Taking0stock0200001public1.txt,http://documents.worldbank.org/curated/en/729701468782350998,CC BY 3.0 IGO,https://creativecommons.org/licenses/by/3.0/igo/,Vietnam : taking stock,en,dev_report,worldbank-vietnam-en,2000-06-16,cdb56a8472c92ddc356ad6e151c9cf7778b58e397a8770813261670a91715553,51374,2026-08-17T07:11:32+00:00,docty=Working Paper; majdocty=Publications & Research
wb-222421468328827670,taking-stock-an-update-on-vietnam-s-recent-economic-developm-222421468328827670.txt,http://documents.worldbank.org/curated/en/222421468328827670/text/832830WP0P13240Box0382083B00PUBLIC0.txt,http://documents.worldbank.org/curated/en/222421468328827670,CC BY 3.0 IGO,https://creativecommons.org/licenses/by/3.0/igo/,Taking stock : an update on Vietnam's recent economic developments,en,dev_report,worldbank-vietnam-en,2013-12-01,a9b5e4ca8306dd3bcf283d5cc738a9ed1073556a5969b6204c203ec7ddaab992,189492,2026-08-17T07:11:37+00:00,docty=Economic Updates and Modeling; majdocty=Economic & Sector Work
wb-216401468329363389,vietnam-financial-sector-assessment-216401468329363389.txt,http://documents.worldbank.org/curated/en/216401468329363389/text/926180FSAP0P1300PUBLIC00Vietnam0FSA.txt,http://documents.worldbank.org/curated/en/216401468329363389,CC BY 3.0 IGO,https://creativecommons.org/licenses/by/3.0/igo/,Vietnam - Financial sector assessment,en,dev_report,worldbank-vietnam-en,2014-06-01,44942c8846e77b6211b67c5cd5053d2f6aa3a98cfc91c46662b29b2156f3a4b7,94384,2026-08-17T07:11:39+00:00,docty=Financial Sector Assessment Program (FSAP); majdocty=Economic & Sector Work
wb-849571614609483205,net-worked-towards-urban-resilience-and-economic-growth-in-v-849571614609483205.txt,http://documents.worldbank.org/curated/en/849571614609483205/text/Net-worked-Towards-Urban-Resilience-and-Economic-Growth-in-Vietnam-s-Mekong-Delta.txt,http://documents.worldbank.org/curated/en/849571614609483205,CC BY 3.0 IGO,https://creativecommons.org/licenses/by/3.0/igo/,Net-worked : Towards Urban Resilience and Economic Growth in Vietnam’s Mekong Delta,en,dev_report,worldbank-vietnam-en,2021-03-01,1da57f0f6180e800db8274e3de15c727b82e504453b25bdf7640c7c8d2d30b6e,310898,2026-08-17T07:11:46+00:00,docty=Report; majdocty=Publications & Research
wb-129531591345518502,vietnam-macro-monitoring-129531591345518502.txt,http://documents.worldbank.org/curated/en/129531591345518502/text/Vietnam-Macro-Monitoring.txt,http://documents.worldbank.org/curated/en/129531591345518502,CC BY 3.0 IGO,https://creativecommons.org/licenses/by/3.0/igo/,Vietnam Macro Monitoring,en,dev_report,worldbank-vietnam-en,2020-06-01,d8ebc5c36791e9a8d1dc502d7e44dbe760f067fde28d618c9758494653ee5066,7619,2026-08-17T07:11:48+00:00,docty=Brief; majdocty=Publications & Research
wb-365601468143061901,taking-stock-an-update-on-vietnam-s-economic-developments-an-365601468143061901.txt,http://documents.worldbank.org/curated/en/365601468143061901/text/501870WP0Box431987B01PUBLIC102005Dec.txt,http://documents.worldbank.org/curated/en/365601468143061901,CC BY 3.0 IGO,https://creativecommons.org/licenses/by/3.0/igo/,Taking stock : an update on Vietnam's economic developments and reforms,en,dev_report,worldbank-vietnam-en,2005-12-07,987d57107c09fc4327d941a4d7cd4dfb476e6597eec0b4b9b7de7edafc73538a,111275,2026-08-17T07:11:56+00:00,docty=Working Paper; majdocty=Publications & Research
wb-234631468319757413,trade-facilitation-value-creation-and-competitiveness-policy-234631468319757413.txt,http://documents.worldbank.org/curated/en/234631468319757413/text/Trade-facilitation-value-creation-and-competitiveness-policy-implications-for-Vietnams-economic-growth.txt,http://documents.worldbank.org/curated/en/234631468319757413,CC BY 3.0 IGO,https://creativecommons.org/licenses/by/3.0/igo/,"Trade facilitation, value creation, and competitiveness : policy implications for Vietnam's economic growth (Vol. 2 of 3)",en,dev_report,worldbank-vietnam-en,2013-07-15,2d4adb491350ac8656ee170a28a8ec61c35e723b5e6a8ff26b4ac95680dd7fe0,298853,2026-08-17T07:12:02+00:00,docty=Other Poverty Study; majdocty=Economic & Sector Work
wb-935301468778807296,taking-stock-an-update-on-vietnam-s-economic-developments-935301468778807296.txt,http://documents.worldbank.org/curated/en/935301468778807296/text/410510VN0Taking0stock0june0701PUBLIC1.txt,http://documents.worldbank.org/curated/en/935301468778807296,CC BY 3.0 IGO,https://creativecommons.org/licenses/by/3.0/igo/,Taking stock : an update on Vietnam's economic developments,en,dev_report,worldbank-vietnam-en,2007-06-01,30c4d0b8c47f0da8caaa9cae454701c0cc46f88b9cc25651debf8ebdd41c53f4,86856,2026-08-17T07:12:04+00:00,docty=Working Paper; majdocty=Publications & Research
wb-613441468311075684,taking-stock-an-update-on-vietnam-s-economic-developments-an-613441468311075684.txt,http://documents.worldbank.org/curated/en/613441468311075684/text/501850WP0Box341987B01PUBLIC102005Jun.txt,http://documents.worldbank.org/curated/en/613441468311075684,CC BY 3.0 IGO,https://creativecommons.org/licenses/by/3.0/igo/,Taking stock : an update on Vietnam's economic developments and reforms,en,dev_report,worldbank-vietnam-en,2005-06-03,1c1ee0899a2e55a4ad2c12a72081ed5de3cb314ecb4c1aa071839b1d492092a8,100184,2026-08-17T07:12:07+00:00,docty=Working Paper; majdocty=Publications & Research
wb-432281613133719725,vietnam-macro-monitoring-432281613133719725.txt,http://documents.worldbank.org/curated/en/432281613133719725/text/Vietnam-Macro-Monitoring.txt,http://documents.worldbank.org/curated/en/432281613133719725,CC BY 3.0 IGO,https://creativecommons.org/licenses/by/3.0/igo/,Vietnam Macro Monitoring,en,dev_report,worldbank-vietnam-en,2021-02-01,eb9c029043b57a9982079d99205e58524074db3a63c1ff74f7a499ee781ec9e9,16350,2026-08-17T07:12:10+00:00,docty=Brief; majdocty=Publications & Research
wb-099062725005065009,th-c-y-ph-t-tri-n-kinh-t-bi-n-vi-t-nam-b-n-v-ng-nghi-n-c-u-r-099062725005065009.txt,https://documents.worldbank.org/curated/en/099062725005065009/text/P176996-bf56e193-83c5-40fd-bb50-0b48150bf47e.txt,http://documents.worldbank.org/curated/en/099062725005065009,CC BY 3.0 IGO,https://creativecommons.org/licenses/by/3.0/igo/,Thúc Đẩy Phát triển Kinh tế Biển Việt Nam Bền Vững : Nghiên cứu rà soát đầu tư và chi tiêu công,vi,dev_report,worldbank-vietnam-vi,2025-06-27,9d8a00c12d144d180de23c72f6e9e5daaf93c813fbb711d5df0e5d7ff506c44f,898597,2026-08-17T07:12:14+00:00,docty=Report; majdocty=Publications & Research
wb-099142309042522486,vi-t-nam-c-p-nh-t-t-nh-h-nh-kinh-t-i-m-l-i-th-ng-9-2025-chuy-099142309042522486.txt,https://documents.worldbank.org/curated/en/099142309042522486/text/IDU-743c96bd-3fe7-4755-88a6-903c94bc5f08.txt,http://documents.worldbank.org/curated/en/099142309042522486,CC BY 3.0 IGO,https://creativecommons.org/licenses/by/3.0/igo/,Việt Nam - Cập Nhật Tình Hình Kinh Tế : Điểm lại Tháng 9-2025 - Chuyên Đề : Bứt Tốc Phát Triển Nhân Tài Công Nghệ Cao Của Việt Nam,vi,dev_report,worldbank-vietnam-vi,2025-09-04,2a3a5316c6f24427644909d198c95143618ec9be6f1ea42eb2a2a3930f2f982e,319960,2026-08-17T07:12:16+00:00,docty=Report; majdocty=Publications & Research
wb-099654412142394584,c-p-nh-t-kinh-t-v-m-vi-t-nam-099654412142394584.txt,http://documents.worldbank.org/curated/en/099654412142394584/text/IDU0fd208efc046ef04f7a0937500654a5d917d8.txt,http://documents.worldbank.org/curated/en/099654412142394584,CC BY 3.0 IGO,https://creativecommons.org/licenses/by/3.0/igo/,Cập Nhật Kinh Tế Vĩ Mô Việt Nam,vi,dev_report,worldbank-vietnam-vi,2023-11-01,b5802baf4d80700c65c90f8415f1dd2e5278ba31e3d8f4b9bfea13ef1b2f5cb8,23620,2026-08-17T07:12:19+00:00,docty=Brief; majdocty=Publications & Research
wb-099619110162342004,c-p-nh-t-kinh-t-v-m-vi-t-nam-099619110162342004.txt,http://documents.worldbank.org/curated/en/099619110162342004/text/IDU034016da20db89046880bf3406e6924417f31.txt,http://documents.worldbank.org/curated/en/099619110162342004,CC BY 3.0 IGO,https://creativecommons.org/licenses/by/3.0/igo/,Cập Nhật Kinh Tế Vĩ Mô Việt Nam,vi,dev_report,worldbank-vietnam-vi,2023-09-01,83169b904f798491d76400460562a108ba1e330f47f41d7b2c24af3e7ca41f3f,30866,2026-08-17T07:12:21+00:00,docty=Brief; majdocty=Publications & Research
wb-099731206282224851,h-tr-n-n-kinh-t-ven-bi-n-t-ng-kh-n-ng-ch-ng-ch-u-vi-t-nam-cu-099731206282224851.txt,https://documents.worldbank.org/curated/en/099731206282224851/text/P167307-b79763a8-083a-4704-84e0-2ff702b2e460.txt,http://documents.worldbank.org/curated/en/099731206282224851,CC BY 3.0 IGO,https://creativecommons.org/licenses/by/3.0/igo/,Hỗ trợ nền kinh tế ven biển tăng khả năng chống chịu ở Việt Nam : Cung cấp thông tin cho việc triển khai Chiến lược Biển của Việt Nam với kinh nghiệm quốc tế,vi,dev_report,worldbank-vietnam-vi,2022-06-01,e27bdff6a6c574251d6a2f2fb184ad42167464d69a7fcc33eeb2aba2dfbc4794,716554,2026-08-17T07:12:24+00:00,docty=Report; majdocty=Publications & Research
wb-099000107072291683,vi-t-nam-b-o-c-o-kh-h-u-v-ph-t-tri-n-qu-c-gia-dung-h-a-th-nh-099000107072291683.txt,https://documents.worldbank.org/curated/en/099000107072291683/text/P177241-7eb142c3-32e8-4bb5-907a-a190aaf9016e.txt,http://documents.worldbank.org/curated/en/099000107072291683,CC BY 3.0 IGO,https://creativecommons.org/licenses/by/3.0/igo/,Việt Nam - Báo cáo khí hậu và phát triển quốc gia : Dung hòa thành công kinh tế với rủi ro khí hậu - Tổng quan,vi,dev_report,worldbank-vietnam-vi,2022-07-01,d0521c504080e3544c2371d2ca5f810416dc402f6015b03b94ca026bea92efa3,54715,2026-08-17T07:12:27+00:00,docty=Country Climate and Development Report; majdocty=Economic & Sector Work
wb-099553007092621441,c-p-nh-t-kinh-t-v-m-vi-t-nam-099553007092621441.txt,https://documents.worldbank.org/curated/en/099553007092621441/text/IDU-d2edb81e-67b9-4399-a9bd-39f8029209f9.txt,http://documents.worldbank.org/curated/en/099553007092621441,CC BY 3.0 IGO,https://creativecommons.org/licenses/by/3.0/igo/,Cập Nhật Kinh Tế Vĩ Mô Việt Nam,vi,dev_report,worldbank-vietnam-vi,2026-07-09,7607f8f3255e75fd53b2647d85eef216874475cbf62f31dae433bd0d61fd034f,19433,2026-08-17T07:12:29+00:00,docty=Brief; majdocty=Publications & Research
wb-676661480599107823,taking-stock-an-update-on-vietnam-s-recent-economic-developm-676661480599107823.txt,http://documents.worldbank.org/curated/en/676661480599107823/text/110676-VIETNAMESE-PUBLIC.txt,http://documents.worldbank.org/curated/en/676661480599107823,CC BY 3.0 IGO,https://creativecommons.org/licenses/by/3.0/igo/,Taking stock : an update on Vietnam's recent economic developments - Special focus : transforming Vietnamese agriculture - gaining more from less : Điểm lại : Cập nhật tình hình Phát triển Kinh tế Việt Nam - Chuyên đề : Chuyển đổi nông nghiệp của Việt Nam - Tăng giá trị giảm đầu vào,vi,dev_report,worldbank-vietnam-vi,2016-12-01,9cc35783b7fc2e7abe784e8e1cd2fd7ad9eaf47930777811f5b075329fcd61f0,232934,2026-08-17T07:12:32+00:00,docty=Working Paper; majdocty=Publications & Research
wb-099537509222527281,c-p-nh-t-kinh-t-v-m-vi-t-nam-099537509222527281.txt,https://documents.worldbank.org/curated/en/099537509222527281/text/IDU-cac14342-dcb2-4d47-8941-6e60cba23fd6.txt,http://documents.worldbank.org/curated/en/099537509222527281,CC BY 3.0 IGO,https://creativecommons.org/licenses/by/3.0/igo/,Cập Nhật Kinh Tế Vĩ Mô Việt Nam,vi,dev_report,worldbank-vietnam-vi,2025-08-31,e0c52e9806fdcc0715152fc2e2abb4a8ca0d02fca7009b950343642a557e7be9,28357,2026-08-17T07:12:34+00:00,docty=Brief; majdocty=Publications & Research
wb-099828111212365979,c-p-nh-t-kinh-t-v-m-vi-t-nam-099828111212365979.txt,http://documents.worldbank.org/curated/en/099828111212365979/text/IDU0aa73a6f5007360424a0bd81083bb63a0ef02.txt,http://documents.worldbank.org/curated/en/099828111212365979,CC BY 3.0 IGO,https://creativecommons.org/licenses/by/3.0/igo/,Cập Nhật Kinh Tế Vĩ Mô Việt Nam,vi,dev_report,worldbank-vietnam-vi,2023-11-21,e96237db8c3f54b23c1e4f54d52529610b94f1b227101a7cf29aa68ca086ac28,19470,2026-08-17T07:12:37+00:00,docty=Brief; majdocty=Publications & Research
wb-623981615532148854,vietnam-macro-monitoring-623981615532148854.txt,http://documents.worldbank.org/curated/en/623981615532148854/text/Vietnam-Macro-Monitoring.txt,http://documents.worldbank.org/curated/en/623981615532148854,CC BY 3.0 IGO,https://creativecommons.org/licenses/by/3.0/igo/,Vietnam Macro Monitoring,en,dev_report,worldbank-vietnam-en,2021-03-01,910dab831975b30f29ecb37edabcec7ef1ed10597ecce8565140cc5a920e30f0,16478,2026-08-17T07:13:27+00:00,docty=Brief; majdocty=Publications & Research
wb-958631468142162972,taking-stock-an-update-on-vietnam-s-recent-economic-developm-958631468142162972.txt,http://documents.worldbank.org/curated/en/958631468142162972/text/441610WP0ENGLI1E00610200801PUBLIC10.txt,http://documents.worldbank.org/curated/en/958631468142162972,CC BY 3.0 IGO,https://creativecommons.org/licenses/by/3.0/igo/,Taking stock : an update on Vietnam's recent economic developments,en,dev_report,worldbank-vietnam-en,2008-06-06,37dc010fb20b0818cdca616299850121ae71598822d65f43e0d092be91b0f1db,73718,2026-08-17T07:13:30+00:00,docty=Working Paper; majdocty=Publications & Research
wb-383711468349805062,taking-stock-an-update-on-vietnam-s-recent-economic-developm-383711468349805062.txt,http://documents.worldbank.org/curated/en/383711468349805062/text/468520ENGLISH01tock010December02008.txt,http://documents.worldbank.org/curated/en/383711468349805062,CC BY 3.0 IGO,https://creativecommons.org/licenses/by/3.0/igo/,Taking stock : an update on Vietnam's recent economic developments,en,dev_report,worldbank-vietnam-en,2008-12-05,f54167ce83209e7c07aa09e94478f9a5e51176860db99b0dcaa6a77f32d3b7b0,67098,2026-08-17T07:13:33+00:00,docty=Working Paper; majdocty=Publications & Research
wb-242601468337904353,trade-facilitation-value-creation-and-competitiveness-policy-242601468337904353.txt,http://documents.worldbank.org/curated/en/242601468337904353/text/792350WP0v10EN00Box379821B00PUBLIC0.txt,http://documents.worldbank.org/curated/en/242601468337904353,CC BY 3.0 IGO,https://creativecommons.org/licenses/by/3.0/igo/,"Trade facilitation, value creation, and competitiveness : policy implications for Vietnam's economic growth (Vol. 1 of 3)",en,dev_report,worldbank-vietnam-en,2013-07-15,dc808a1738f9360914fd8a2757b20d7b2eff8b234d3fc6c6a85601ff516dddc2,585550,2026-08-17T07:13:42+00:00,docty=Other Poverty Study; majdocty=Economic & Sector Work
wb-186491468764397103,vietnam-development-report-2004-poverty-186491468764397103.txt,http://documents.worldbank.org/curated/en/186491468764397103/text/271300VN.txt,http://documents.worldbank.org/curated/en/186491468764397103,CC BY 3.0 IGO,https://creativecommons.org/licenses/by/3.0/igo/,Vietnam - Development Report 2004 - Poverty,en,dev_report,worldbank-vietnam-en,2003-11-17,462a3be6a9755fe3e1e0213f8cd6e732615aeea00feeecdbaa6bf9159af09ba7,631590,2026-08-17T07:13:51+00:00,docty=Poverty Assessment; majdocty=Economic & Sector Work
wb-641241468133544451,taking-stock-an-update-on-vietnam-s-recent-economic-developm-641241468133544451.txt,http://documents.worldbank.org/curated/en/641241468133544451/text/893100WP0P13240tock0July020140FINAL.txt,http://documents.worldbank.org/curated/en/641241468133544451,CC BY 3.0 IGO,https://creativecommons.org/licenses/by/3.0/igo/,Taking stock : an update on Vietnam's recent economic development,en,dev_report,worldbank-vietnam-en,2014-07-01,98d3f118ac4101c1f6c7a81bf08db5fdc8d5f54fe0cc90df59d0b6d34f82afd2,224045,2026-08-17T07:13:58+00:00,docty=Working Paper; majdocty=Publications & Research
wb-404881634191796759,announcement-of-vietnam-development-report-2005-governance-r-404881634191796759.txt,http://documents.worldbank.org/curated/en/404881634191796759/text/Announcement-of-Vietnam-Development-Report-2005-Governance-Rethinking-the-Role-of-Government-in-Vietnam-on-November-25-2004.txt,http://documents.worldbank.org/curated/en/404881634191796759,CC BY 3.0 IGO,https://creativecommons.org/licenses/by/3.0/igo/,"Announcement of Vietnam Development Report 2005 : Governance, Rethinking the Role of Government in Vietnam on November 25, 2004",en,dev_report,worldbank-vietnam-en,2004-11-25,09bc7f7bc6e63fb6aed022e2173c6ab7ebfb3c142097c1f874f91fd1db8545d7,8666,2026-08-17T07:14:01+00:00,docty=Announcement; majdocty=Publications & Research
wb-119161468124473290,taking-stock-an-update-on-vietnam-s-recent-economic-developm-119161468124473290.txt,http://documents.worldbank.org/curated/en/119161468124473290/text/666620WP00PUBL0G02010000June0502010.txt,http://documents.worldbank.org/curated/en/119161468124473290,CC BY 3.0 IGO,https://creativecommons.org/licenses/by/3.0/igo/,Taking stock : an update on Vietnam's recent economic developments,en,dev_report,worldbank-vietnam-en,2010-06-05,4ae5dae2ca3580091b55f9310a4198702f0b7ac8d95d9c17c195a953a8e9f628,76964,2026-08-17T07:14:04+00:00,docty=Working Paper; majdocty=Publications & Research
wb-213631600443823992,vietnam-macro-monitoring-213631600443823992.txt,http://documents.worldbank.org/curated/en/213631600443823992/text/Vietnam-Macro-Monitoring.txt,http://documents.worldbank.org/curated/en/213631600443823992,CC BY 3.0 IGO,https://creativecommons.org/licenses/by/3.0/igo/,Vietnam Macro Monitoring,en,dev_report,worldbank-vietnam-en,2020-09-01,f439dda73b49ff9814f335df2c810afd330d38c3c8fdf04a142c9d5b29396c91,13689,2026-08-17T07:14:10+00:00,docty=Brief; majdocty=Publications & Research
wb-099945004182217194,from-the-last-mile-to-the-next-mile-2022-vietnam-poverty-and-099945004182217194.txt,http://documents.worldbank.org/curated/en/099945004182217194/text/P17626100f8c0005d0b7270db2c28481e36.txt,http://documents.worldbank.org/curated/en/099945004182217194,CC BY 3.0 IGO,https://creativecommons.org/licenses/by/3.0/igo/,From the Last Mile to the Next Mile – 2022 Vietnam Poverty and Equity Assessment : Overview,en,dev_report,worldbank-vietnam-en,2023-04-10,af87ab0851037ba7ef1b9222e2e7760fdce94694d6b99d775c445baa1a33c472,156778,2026-08-17T07:14:12+00:00,docty=Poverty Assessment; majdocty=Economic & Sector Work
wb-483111468125071292,taking-stock-an-update-on-vietnam-s-recent-economic-developm-483111468125071292.txt,http://documents.worldbank.org/curated/en/483111468125071292/text/435090WP0Takin10Box327372B01public1.txt,http://documents.worldbank.org/curated/en/483111468125071292,CC BY 3.0 IGO,https://creativecommons.org/licenses/by/3.0/igo/,Taking stock : an update on Vietnam's recent economic developments,en,dev_report,worldbank-vietnam-en,2007-12-07,08e54036dabf4585a42d8ed40b79fd1e5439000308db85c46bdb282108ae95a7,57979,2026-08-17T07:14:16+00:00,docty=Working Paper; majdocty=Publications & Research
wb-399061468128396981,taking-stock-an-update-on-vietnam-s-recent-economic-developm-399061468128396981.txt,http://documents.worldbank.org/curated/en/399061468128396981/text/928250WP0P13240g0Stock0Dec020140ENG.txt,http://documents.worldbank.org/curated/en/399061468128396981,CC BY 3.0 IGO,https://creativecommons.org/licenses/by/3.0/igo/,Taking stock : an update on Vietnam's recent economic developments,en,dev_report,worldbank-vietnam-en,2014-12-01,ede4425d125d95370f638d3da019514bf0b2d0265835e6c9334ab5b20dfe7ebf,173561,2026-08-17T07:14:19+00:00,docty=Working Paper; majdocty=Publications & Research
wb-856421621000209254,vietnam-macro-monitoring-856421621000209254.txt,http://documents.worldbank.org/curated/en/856421621000209254/text/Vietnam-Macro-Monitoring.txt,http://documents.worldbank.org/curated/en/856421621000209254,CC BY 3.0 IGO,https://creativecommons.org/licenses/by/3.0/igo/,Vietnam Macro Monitoring,en,dev_report,worldbank-vietnam-en,2021-05-14,4a0c0a0d46cf0dd53dfc12e676e8e661939f41fc2723c713738bfebc1a4dfd7a,14360,2026-08-17T07:14:22+00:00,docty=Brief; majdocty=Publications & Research
wb-461411639423631063,vietnam-macro-monitoring-461411639423631063.txt,http://documents.worldbank.org/curated/en/461411639423631063/text/Vietnam-Macro-Monitoring.txt,http://documents.worldbank.org/curated/en/461411639423631063,CC BY 3.0 IGO,https://creativecommons.org/licenses/by/3.0/igo/,Vietnam Macro Monitoring,en,dev_report,worldbank-vietnam-en,2021-12-01,fd7750f3c605c7bb33901eb655c737afbe4dd7fe1476d62195919ea2fa1d01f2,16365,2026-08-17T07:14:25+00:00,docty=Brief; majdocty=Publications & Research
wb-165301554201962827,strengthening-vietnam-s-trucking-sector-towards-lower-logist-165301554201962827.txt,http://documents.worldbank.org/curated/en/165301554201962827/text/Strengthening-Vietnam-s-Trucking-Sector-Towards-Lower-Logistics-Costs-and-Greenhouse-Gas-Emissions.txt,http://documents.worldbank.org/curated/en/165301554201962827,CC BY 3.0 IGO,https://creativecommons.org/licenses/by/3.0/igo/,Strengthening Vietnam’s Trucking Sector : Towards Lower Logistics Costs and Greenhouse Gas Emissions,en,dev_report,worldbank-vietnam-en,2019-04-01,10e07016c62d48d3cd2d593973b8412848b894ae6a5f63de306b19b25005b32d,366529,2026-08-17T07:14:31+00:00,docty=Working Paper; majdocty=Publications & Research
wb-768671597218922995,vietnam-macro-monitoring-768671597218922995.txt,http://documents.worldbank.org/curated/en/768671597218922995/text/Vietnam-Macro-Monitoring.txt,http://documents.worldbank.org/curated/en/768671597218922995,CC BY 3.0 IGO,https://creativecommons.org/licenses/by/3.0/igo/,Vietnam Macro Monitoring,en,dev_report,worldbank-vietnam-en,2020-08-01,c003c20d29a3a21947b5589f079a82ea2104e85b8a11e7b15a155fd36f3985ad,11790,2026-08-17T07:14:34+00:00,docty=Brief; majdocty=Publications & Research
wb-444901646921783288,vietnam-macro-monitoring-444901646921783288.txt,http://documents.worldbank.org/curated/en/444901646921783288/text/Vietnam-Macro-Monitoring.txt,http://documents.worldbank.org/curated/en/444901646921783288,CC BY 3.0 IGO,https://creativecommons.org/licenses/by/3.0/igo/,Vietnam Macro Monitoring,en,dev_report,worldbank-vietnam-en,2022-03-01,4604fcc81703b4f749057b4351759ab16fe14b21f57a435531f783773e549a23,17061,2026-08-17T07:14:36+00:00,docty=Brief; majdocty=Publications & Research
wb-821801561652657954,taking-stock-recent-economic-developments-of-vietnam-special-821801561652657954.txt,http://documents.worldbank.org/curated/en/821801561652657954/text/Taking-Stock-Recent-Economic-Developments-of-Vietnam-Special-Focus-Vietnams-Tourism-Developments-Stepping-Back-from-the-Tipping-Point-Vietnams-Tourism-Trends-Challenges-and-Policy-Priorities.txt,http://documents.worldbank.org/curated/en/821801561652657954,CC BY 3.0 IGO,https://creativecommons.org/licenses/by/3.0/igo/,"Taking Stock : Recent Economic Developments of Vietnam – Special Focus : Vietnam's Tourism Developments - Stepping Back from the Tipping Point- Vietnam's Tourism Trends, Challenges and Policy Priorities",en,dev_report,worldbank-vietnam-en,2019-07-01,b26558f0743815c99f989450f4b77ca916e3ba7858e6cb8faedf566b803c91d3,247175,2026-08-17T07:14:47+00:00,docty=Working Paper; majdocty=Publications & Research
wb-651521560259654928,in-vietnam-sound-water-development-approaches-yield-positive-651521560259654928.txt,http://documents.worldbank.org/curated/en/651521560259654928/text/In-Vietnam-Sound-Water-Development-Approaches-Yield-Positive-Benefits.txt,http://documents.worldbank.org/curated/en/651521560259654928,CC BY 3.0 IGO,https://creativecommons.org/licenses/by/3.0/igo/,"In Vietnam, Sound Water Development Approaches Yield Positive Benefits",en,dev_report,worldbank-vietnam-en,2019-01-01,8da126fbc1a136b7e590067c6ac788bd3a03020303867ace8f80d598191ff3ff,4706,2026-08-17T07:14:49+00:00,docty=Working Paper; majdocty=Publications & Research
wb-495201468127182509,taking-stock-an-update-on-recent-economic-developments-and-r-495201468127182509.txt,http://documents.worldbank.org/curated/en/495201468127182509/text/501940WP0Box341987B01PUBLIC102004Jun.txt,http://documents.worldbank.org/curated/en/495201468127182509,CC BY 3.0 IGO,https://creativecommons.org/licenses/by/3.0/igo/,Taking stock : an update on recent economic developments and reforms in Vietnam,en,dev_report,worldbank-vietnam-en,2004-06-17,94844e9a7154eddda0fc305670023fba4e3b0c39583c8b802e63d11bd4bdc0a3,85622,2026-08-17T07:14:52+00:00,docty=Working Paper; majdocty=Publications & Research
wb-199951468843835123,taking-stock-an-update-on-vietnam-s-recent-economic-developm-199951468843835123.txt,http://documents.worldbank.org/curated/en/199951468843835123/text/107004-VIETNAMESE-WP-PUBLIC.txt,http://documents.worldbank.org/curated/en/199951468843835123,CC BY 3.0 IGO,https://creativecommons.org/licenses/by/3.0/igo/,Taking stock : an update on Vietnam's recent economic developments - special focus : promoting healthy and productive aging in Vietnam : Điểm lại: Cập nhật tình hình Phát triển Kinh tế Việt Nam.  Chuyên đề: Hướng tới cuộc sống khỏe mạnh và năng động cho người cao tuổi ở Việt Nam,vi,dev_report,worldbank-vietnam-vi,2016-07-01,0c5dfd9d4d89f3c397a49f2a25b2a842f1b8d57657efcdb90449840fd7df162c,204854,2026-08-17T07:14:56+00:00,docty=Working Paper; majdocty=Publications & Research
wb-915171513147616299,taking-stock-an-update-on-vietnam-s-recent-economic-developm-915171513147616299.txt,http://documents.worldbank.org/curated/en/915171513147616299/text/122037-Vietnamese-12-12-2017-18-22-57-VietnamTakingStockDecVNfinal.txt,http://documents.worldbank.org/curated/en/915171513147616299,CC BY 3.0 IGO,https://creativecommons.org/licenses/by/3.0/igo/,Taking stock : an update on Vietnam’s recent economic developments - special focus : improving efficiency and equity of public spending : ĐIỂM LẠI: Cập nhật tình hình phát triển kinh tế Việt Nam. Chuyên đề đặc biệt: Cải thiện hiệu suất và công bằng trong chi tiêu công.,vi,dev_report,worldbank-vietnam-vi,2017-12-01,fd96df7de60862e2901bf944a57e319e68ca75d1b0ed60f399b54ec0fdbb1436,292451,2026-08-17T07:14:58+00:00,docty=Working Paper; majdocty=Publications & Research
wb-099731306282231542,h-tr-n-n-kinh-t-ven-bi-n-t-ng-kh-n-ng-ch-ng-ch-u-vi-t-nam-h-099731306282231542.txt,https://documents.worldbank.org/curated/en/099731306282231542/text/P167307-3a4807fc-2640-4539-b6e3-b7c9fbb43e5b.txt,http://documents.worldbank.org/curated/en/099731306282231542,CC BY 3.0 IGO,https://creativecommons.org/licenses/by/3.0/igo/,Hỗ trợ nền kinh tế ven biển tăng khả năng chống chịu ở Việt Nam : Hướng dẫn kỹ thuật cho việc Thiết lập hành lang bảo vệ bờ biển,vi,dev_report,worldbank-vietnam-vi,2022-06-01,d5c795b07e86c27f40951913acf8e6d0d163d52a0ffd2fbaa81b7a6d46dd86d6,414802,2026-08-17T07:15:02+00:00,docty=Report; majdocty=Publications & Research
wb-099101624105019511,c-p-nh-t-t-nh-tr-ng-ngh-o-va-b-nh-ng-vi-t-nam-h-ng-t-i-c-c-t-099101624105019511.txt,https://documents.worldbank.org/curated/en/099101624105019511/text/P181094-b955b33c-f271-4f02-bf54-96b45ed18b6c.txt,http://documents.worldbank.org/curated/en/099101624105019511,CC BY 3.0 IGO,https://creativecommons.org/licenses/by/3.0/igo/,Cập Nhật Tình Trạng Nghèo va Bình Đẳng Ở Việt Nam : Hướng Tới Các Thành Phố Phát Triển Bao Trùm Hơn,vi,dev_report,worldbank-vietnam-vi,2024-06-01,ff9a72e640ce5a3cc35082830fc58d1fceae9ad03fa3631bd6cbf1544178f7e4,864477,2026-08-17T07:15:04+00:00,docty=Report; majdocty=Publications & Research
wb-099730306282217240,h-tr-n-n-kinh-t-ven-bi-n-t-ng-kh-n-ng-ch-ng-ch-u-vi-t-nam-ph-099730306282217240.txt,https://documents.worldbank.org/curated/en/099730306282217240/text/P167307-e2a3eb24-b546-4f3f-be37-5265aee43e81.txt,http://documents.worldbank.org/curated/en/099730306282217240,CC BY 3.0 IGO,https://creativecommons.org/licenses/by/3.0/igo/,Hỗ trợ nền kinh tế ven biển tăng khả năng chống chịu ở Việt Nam : Phần A: Hướng dẫn thực hành cho công tác đánh giá giá trị tài sản tự nhiên quan trọng ở các vùng ven biển,vi,dev_report,worldbank-vietnam-vi,2022-06-01,a0f9b4d4a468fcce7142d72978547c6397471261de65a91cec0220dc3e5d2c2d,638185,2026-08-17T07:15:07+00:00,docty=Report; majdocty=Publications & Research
wb-099000405132220877,th-tr-ng-lao-ng-v-s-b-ng-ph-t-i-d-ch-covid-19-vi-t-nam-t-c-n-099000405132220877.txt,https://documents.worldbank.org/curated/en/099000405132220877/text/P174258-270ec6d2-511f-4dcb-ad93-b15b740727e9.txt,http://documents.worldbank.org/curated/en/099000405132220877,CC BY 3.0 IGO,https://creativecommons.org/licenses/by/3.0/igo/,Thị Trường Lao Động Vàsự Bùng Phát Đại Dịch COVID-19ở Việt Nam :Tác Động Và Bài Học Kinh Nghiệmđối Với An Sinh Xã Hộitháng,vi,dev_report,worldbank-vietnam-vi,2022-05-13,33e287eb5a9fb1999ee6e0f454a3ff10f8f0a009f19b65b1b4a758688e381738,282003,2026-08-17T07:15:10+00:00,docty=Report; majdocty=Publications & Research
wb-099120624015538064,c-i-thi-n-quy-nh-kinh-doanh-h-tr-t-ng-tr-ng-n-ng-su-t-vi-t-n-099120624015538064.txt,https://documents.worldbank.org/curated/en/099120624015538064/text/P500676-3f6340ae-af46-4d74-af51-0126ad4dcd76.txt,http://documents.worldbank.org/curated/en/099120624015538064,CC BY 3.0 IGO,https://creativecommons.org/licenses/by/3.0/igo/,Cải Thiện Quy Định Kinh Doanh Để Hỗ Trợ Tăng Trưởng Năng Suất Ở Việt Nam,vi,dev_report,worldbank-vietnam-vi,2024-09-01,7111129511838e1674c0b51c39060a67b55738251544e045ea0257df18c116d2,306849,2026-08-17T07:15:12+00:00,docty=Report; majdocty=Publications & Research
wb-099100007112226158,vietnam-b-o-c-o-qu-c-gia-v-kh-h-u-v-ph-t-tri-n-099100007112226158.txt,https://documents.worldbank.org/curated/en/099100007112226158/text/P177241-f1c1d112-5597-433a-b2fa-3622a071bbe0.txt,http://documents.worldbank.org/curated/en/099100007112226158,CC BY 3.0 IGO,https://creativecommons.org/licenses/by/3.0/igo/,Vietnam - Báo Cáo Quốc Gia Về Khí Hậu Và Phát Triển,vi,dev_report,worldbank-vietnam-vi,2022-07-01,f77fa43652ed5965ddd49558faae412150ccd96a6820fbb040fa60b67b7854c4,424953,2026-08-17T07:15:15+00:00,docty=Country Climate and Development Report; majdocty=Economic & Sector Work
wb-099111424204529062,vi-t-nam-2045-n-ng-cao-v-th-th-ng-m-i-trong-m-t-th-gi-i-ang-099111424204529062.txt,https://documents.worldbank.org/curated/en/099111424204529062/text/P178784-1dab3cf1-15c8-4eb9-8424-57e400ddf99c.txt,http://documents.worldbank.org/curated/en/099111424204529062,CC BY 3.0 IGO,https://creativecommons.org/licenses/by/3.0/igo/,Việt Nam 2045: Nâng cao vị thế Thương mại trong một thế giới đang thay đổi – Con đường dẫn đến tương lai thu nhập cao của Việt Nam,vi,dev_report,worldbank-vietnam-vi,2024-11-17,1e89e441933d59f19c824b46fc5983eb5e2ce21b5de69a70d631d08a88002804,699338,2026-08-17T07:15:17+00:00,docty=Report; majdocty=Publications & Research
wb-099022224202019232,khai-m-ti-m-n-ng-th-tr-ng-v-n-vi-t-nam-099022224202019232.txt,https://documents.worldbank.org/curated/en/099022224202019232/text/P176855-83868e1c-fa48-430a-be10-0d3b035a432a.txt,http://documents.worldbank.org/curated/en/099022224202019232,CC BY 3.0 IGO,https://creativecommons.org/licenses/by/3.0/igo/,Khai Mở Tiềm Năng Thị Trường Vốn Việt Nam,vi,dev_report,worldbank-vietnam-vi,2023-12-31,08ce0bc8069b502195200a6b086ce8a8a6b0bbdbaa89221300b5e3f3c89373e8,469110,2026-08-17T07:15:21+00:00,docty=Report; majdocty=Publications & Research
